id,title,vendor,category,price,compareAtPrice,description,image,tags,sku,inStock,rating,reviewCount,createdAt,source_url,variant_count
1,Lightweight Probiotics,SoundWave,Health,155.62,206.69,High-quality lightweight probiotics from SoundWave. Perfect for everyday use. Features premium materials and thoughtful design. This health product has been carefully crafted to meet the highest standards of quality and performance.,https://placehold.co/400x400/10b981/ffffff?text=Probiotics,"natural, fitness",SKU-HEA-0001,True,4.0,52,2022-08-29T00:00:00.000Z,https://scrapingsandbox.com/product/1,4
2,Wireless LED Desk Lamp,SoundWave,Electronics,145.4,210.01,High-quality wireless led desk lamp from SoundWave. Perfect for everyday use. Features premium materials and thoughtful design. This electronics product has been carefully crafted to meet the highest standards of quality and performance.,https://placehold.co/400x400/f59e0b/ffffff?text=LED,"tech, digital, USB",SKU-ELE-0002,False,4.6,12,2023-06-04T00:00:00.000Z,https://scrapingsandbox.com/product/2,2
3,Deluxe Tea Collection,StyleCraft,Food & Beverage,185.01,313.98,High-quality deluxe tea collection from StyleCraft. Perfect for everyday use. Features premium materials and thoughtful design. This food & beverage product has been carefully crafted to meet the highest standards of quality and performance.,https://placehold.co/400x400/84cc16/ffffff?text=Tea,organic,SKU-FOO-0003,True,3.5,211,2023-04-17T00:00:00.000Z,https://scrapingsandbox.com/product/3,3
4,Essential Tire Gauge,TechVault,Automotive,70.86,,High-quality essential tire gauge from TechVault. Perfect for everyday use. Features premium materials and thoughtful design. This automotive product has been carefully crafted to meet the highest standards of quality and performance.,https://placehold.co/400x400/6366f1/ffffff?text=Tire,"car, accessories, travel",SKU-AUT-0004,False,3.6,47,2022-10-24T00:00:00.000Z,https://scrapingsandbox.com/product/4,5
5,Smart Carving Tools,SparkleBox,Art,97.13,,High-quality smart carving tools from SparkleBox. Perfect for everyday use. Features premium materials and thoughtful design. This art product has been carefully crafted to meet the highest standards of quality and performance.,https://placehold.co/400x400/f59e0b/ffffff?text=Carving,"drawing, painting",SKU-ART-0005,True,3.5,353,2022-08-07T00:00:00.000Z,https://scrapingsandbox.com/product/5,5
6,Professional Dog Food,StyleCraft,Pet Supplies,145.4,,High-quality professional dog food from StyleCraft. Perfect for everyday use. Features premium materials and thoughtful design. This pet supplies product has been carefully crafted to meet the highest standards of quality and performance.,https://placehold.co/400x400/ef4444/ffffff?text=Dog,"cats, grooming, food",SKU-PET-0006,True,4.6,156,2022-08-30T00:00:00.000Z,https://scrapingsandbox.com/product/6,4
7,Smart Car Wash Kit,UrbanThread,Automotive,139.94,173.26,High-quality smart car wash kit from UrbanThread. Perfect for everyday use. Features premium materials and thoughtful design. This automotive product has been carefully crafted to meet the highest standards of quality and performance.,https://placehold.co/400x400/84cc16/ffffff?text=Car,car,SKU-AUT-0007,True,3.0,81,2023-08-19T00:00:00.000Z,https://scrapingsandbox.com/product/7,3
8,Premium Bluetooth Speaker,AutoParts Pro,Electronics,108.99,,High-quality premium bluetooth speaker from AutoParts Pro. Perfect for everyday use. Features premium materials and thoughtful design. This electronics product has been carefully crafted to meet the highest standards of quality and performance.,https://placehold.co/400x400/06b6d4/ffffff?text=Bluetooth,USB,SKU-ELE-0008,True,4.5,426,2023-09-04T00:00:00.000Z,https://scrapingsandbox.com/product/8,3
9,Vintage Tablet Stand,GlowUp,Electronics,44.15,69.14,High-quality vintage tablet stand from GlowUp. Perfect for everyday use. Features premium materials and thoughtful design. This electronics product has been carefully crafted to meet the highest standards of quality and performance.,https://placehold.co/400x400/f59e0b/ffffff?text=Tablet,tech,SKU-ELE-0009,True,3.4,411,2023-10-16T00:00:00.000Z,https://scrapingsandbox.com/product/9,2
10,Portable Marker Pack,VitalLife,Art,193.91,258.48,High-quality portable marker pack from VitalLife. Perfect for everyday use. Features premium materials and thoughtful design. This art product has been carefully crafted to meet the highest standards of quality and performance.,https://placehold.co/400x400/3b82f6/ffffff?text=Marker,"supplies, creative, crafts",SKU-ART-0010,True,4.2,330,2023-10-27T00:00:00.000Z,https://scrapingsandbox.com/product/10,3
11,Professional Brush Kit,AutoParts Pro,Art,55.29,,High-quality professional brush kit from AutoParts Pro. Perfect for everyday use. Features premium materials and thoughtful design. This art product has been carefully crafted to meet the highest standards of quality and performance.,https://placehold.co/400x400/ec4899/ffffff?text=Brush,supplies,SKU-ART-0011,False,3.6,204,2023-05-21T00:00:00.000Z,https://scrapingsandbox.com/product/11,3
12,Smart Play Dough,AutoParts Pro,Toys,123.5,198.84,High-quality smart play dough from AutoParts Pro. Perfect for everyday use. Features premium materials and thoughtful design. This toys product has been carefully crafted to meet the highest standards of quality and performance.,https://placehold.co/400x400/06b6d4/ffffff?text=Play,"games, fun, creative",SKU-TOY-0012,True,3.5,438,2023-10-11T00:00:00.000Z,https://scrapingsandbox.com/product/12,2
13,Premium Vinyl Record,DeskMate,Music,69.22,,High-quality premium vinyl record from DeskMate. Perfect for everyday use. Features premium materials and thoughtful design. This music product has been carefully crafted to meet the highest standards of quality and performance.,https://placehold.co/400x400/ef4444/ffffff?text=Vinyl,"instruments, audio, recording",SKU-MUS-0013,True,4.5,442,2022-01-19T00:00:00.000Z,https://scrapingsandbox.com/product/13,2
14,Professional Aquarium Plant,TechVault,Pet Supplies,71.68,100.32,High-quality professional aquarium plant from TechVault. Perfect for everyday use. Features premium materials and thoughtful design. This pet supplies product has been carefully crafted to meet the highest standards of quality and performance.,https://placehold.co/400x400/f59e0b/ffffff?text=Aquarium,dogs,SKU-PET-0014,True,4.6,339,2022-09-18T00:00:00.000Z,https://scrapingsandbox.com/product/14,4
15,Vintage Stuffed Animal,HomeNest,Toys,124.84,176.26,High-quality vintage stuffed animal from HomeNest. Perfect for everyday use. Features premium materials and thoughtful design. This toys product has been carefully crafted to meet the highest standards of quality and performance.,https://placehold.co/400x400/ef4444/ffffff?text=Stuffed,"games, fun, creative",SKU-TOY-0015,True,5.0,252,2022-04-18T00:00:00.000Z,https://scrapingsandbox.com/product/15,2
16,Eco-Friendly Protein Bar,UrbanThread,Food & Beverage,76.27,,High-quality eco-friendly protein bar from UrbanThread. Perfect for everyday use. Features premium materials and thoughtful design. This food & beverage product has been carefully crafted to meet the highest standards of quality and performance.,https://placehold.co/400x400/3b82f6/ffffff?text=Protein,organic,SKU-FOO-0016,True,3.9,47,2023-05-28T00:00:00.000Z,https://scrapingsandbox.com/product/16,2
17,Lightweight Paper Clips,UrbanThread,Office Supplies,156.17,,High-quality lightweight paper clips from UrbanThread. Perfect for everyday use. Features premium materials and thoughtful design. This office supplies product has been carefully crafted to meet the highest standards of quality and performance.,https://placehold.co/400x400/ec4899/ffffff?text=Paper,"stationery, desk, organization",SKU-OFF-0017,True,4.3,80,2023-08-21T00:00:00.000Z,https://scrapingsandbox.com/product/17,5
18,Professional Guitar Strings,NovaTech,Music,159.77,264.22,High-quality professional guitar strings from NovaTech. Perfect for everyday use. Features premium materials and thoughtful design. This music product has been carefully crafted to meet the highest standards of quality and performance.,https://placehold.co/400x400/8b5cf6/ffffff?text=Guitar,"instruments, audio, recording",SKU-MUS-0018,True,4.1,418,2022-06-16T00:00:00.000Z,https://scrapingsandbox.com/product/18,2
19,Premium Business Book,PageTurner,Books,175.14,,High-quality premium business book from PageTurner. Perfect for everyday use. Features premium materials and thoughtful design. This books product has been carefully crafted to meet the highest standards of quality and performance.,https://placehold.co/400x400/06b6d4/ffffff?text=Business,paperback,SKU-BOO-0019,True,4.9,108,2023-09-21T00:00:00.000Z,https://scrapingsandbox.com/product/19,2
20,Handcrafted Locket,DeskMate,Jewelry,106.84,,High-quality handcrafted locket from DeskMate. Perfect for everyday use. Features premium materials and thoughtful design. This jewelry product has been carefully crafted to meet the highest standards of quality and performance.,https://placehold.co/400x400/f97316/ffffff?text=Locket,"luxury, handmade",SKU-JEW-0020,True,4.2,239,2023-06-07T00:00:00.000Z,https://scrapingsandbox.com/product/20,3
21,Compact Heating Pad,NovaTech,Health,70.83,,High-quality compact heating pad from NovaTech. Perfect for everyday use. Features premium materials and thoughtful design. This health product has been carefully crafted to meet the highest standards of quality and performance.,https://placehold.co/400x400/8b5cf6/ffffff?text=Heating,"wellness, supplements, medical",SKU-HEA-0021,True,4.8,494,2023-08-20T00:00:00.000Z,https://scrapingsandbox.com/product/21,2
22,Advanced Brake Pad,PlayZone,Automotive,108.45,,High-quality advanced brake pad from PlayZone. Perfect for everyday use. Features premium materials and thoughtful design. This automotive product has been carefully crafted to meet the highest standards of quality and performance.,https://placehold.co/400x400/f97316/ffffff?text=Brake,"accessories, travel, safety",SKU-AUT-0022,True,4.3,342,2023-06-10T00:00:00.000Z,https://scrapingsandbox.com/product/22,5
23,Heavy-Duty Seat Cover,ProGear,Automotive,30.36,,High-quality heavy-duty seat cover from ProGear. Perfect for everyday use. Features premium materials and thoughtful design. This automotive product has been carefully crafted to meet the highest standards of quality and performance.,https://placehold.co/400x400/8b5cf6/ffffff?text=Seat,"accessories, travel, safety",SKU-AUT-0023,True,4.2,68,2022-03-03T00:00:00.000Z,https://scrapingsandbox.com/product/23,4
24,Heavy-Duty Palette,TasteBud,Art,179.54,,High-quality heavy-duty palette from TasteBud. Perfect for everyday use. Features premium materials and thoughtful design. This art product has been carefully crafted to meet the highest standards of quality and performance.,https://placehold.co/400x400/6366f1/ffffff?text=Palette,painting,SKU-ART-0024,True,3.7,69,2022-10-10T00:00:00.000Z,https://scrapingsandbox.com/product/24,5
25,Vintage Nerf Gun,CozyCorner,Toys,107.53,182.58,High-quality vintage nerf gun from CozyCorner. Perfect for everyday use. Features premium materials and thoughtful design. This toys product has been carefully crafted to meet the highest standards of quality and performance.,https://placehold.co/400x400/10b981/ffffff?text=Nerf,kids,SKU-TOY-0025,True,3.6,35,2023-11-11T00:00:00.000Z,https://scrapingsandbox.com/product/25,2
26,Pro Stamp Set,CozyCorner,Office Supplies,16.25,23.56,High-quality pro stamp set from CozyCorner. Perfect for everyday use. Features premium materials and thoughtful design. This office supplies product has been carefully crafted to meet the highest standards of quality and performance.,https://placehold.co/400x400/6366f1/ffffff?text=Stamp,"desk, organization, work",SKU-OFF-0026,True,4.6,285,2022-02-27T00:00:00.000Z,https://scrapingsandbox.com/product/26,3
27,Premium Air Freshener,VitalLife,Automotive,165.03,,High-quality premium air freshener from VitalLife. Perfect for everyday use. Features premium materials and thoughtful design. This automotive product has been carefully crafted to meet the highest standards of quality and performance.,https://placehold.co/400x400/10b981/ffffff?text=Air,accessories,SKU-AUT-0027,False,4.8,370,2022-01-18T00:00:00.000Z,https://scrapingsandbox.com/product/27,2
28,Heavy-Duty Label Maker,PawPal,Office Supplies,195.41,293.23,High-quality heavy-duty label maker from PawPal. Perfect for everyday use. Features premium materials and thoughtful design. This office supplies product has been carefully crafted to meet the highest standards of quality and performance.,https://placehold.co/400x400/f97316/ffffff?text=Label,"desk, organization",SKU-OFF-0028,True,3.2,467,2023-12-18T00:00:00.000Z,https://scrapingsandbox.com/product/28,2
29,Lightweight Blood Pressure Monitor,FitPro,Health,170.16,,High-quality lightweight blood pressure monitor from FitPro. Perfect for everyday use. Features premium materials and thoughtful design. This health product has been carefully crafted to meet the highest standards of quality and performance.,https://placehold.co/400x400/84cc16/ffffff?text=Blood,"wellness, supplements, medical",SKU-HEA-0029,False,4.9,170,2022-12-22T00:00:00.000Z,https://scrapingsandbox.com/product/29,5
30,Ultra USB-C Hub,HomeNest,Electronics,110.55,,High-quality ultra usb-c hub from HomeNest. Perfect for everyday use. Features premium materials and thoughtful design. This electronics product has been carefully crafted to meet the highest standards of quality and performance.,https://placehold.co/400x400/f59e0b/ffffff?text=USB-C,gadgets,SKU-ELE-0030,True,3.9,76,2023-11-15T00:00:00.000Z,https://scrapingsandbox.com/product/30,2
31,Premium Travel Guide,SoundWave,Books,133.28,,High-quality premium travel guide from SoundWave. Perfect for everyday use. Features premium materials and thoughtful design. This books product has been carefully crafted to meet the highest standards of quality and performance.,https://placehold.co/400x400/84cc16/ffffff?text=Travel,"reading, paperback",SKU-BOO-0031,True,3.6,498,2023-10-31T00:00:00.000Z,https://scrapingsandbox.com/product/31,3
32,Vintage Speaker Cable,ProGear,Music,49.19,,High-quality vintage speaker cable from ProGear. Perfect for everyday use. Features premium materials and thoughtful design. This music product has been carefully crafted to meet the highest standards of quality and performance.,https://placehold.co/400x400/3b82f6/ffffff?text=Speaker,"instruments, accessories",SKU-MUS-0032,False,3.4,481,2022-01-27T00:00:00.000Z,https://scrapingsandbox.com/product/32,4
33,Classic First Aid Kit,VitalLife,Health,15.69,,High-quality classic first aid kit from VitalLife. Perfect for everyday use. Features premium materials and thoughtful design. This health product has been carefully crafted to meet the highest standards of quality and performance.,https://placehold.co/400x400/f97316/ffffff?text=First,"supplements, natural",SKU-HEA-0033,True,4.1,265,2023-02-22T00:00:00.000Z,https://scrapingsandbox.com/product/33,2
34,Eco-Friendly Grip Gloves,StyleCraft,Sports,193.06,,High-quality eco-friendly grip gloves from StyleCraft. Perfect for everyday use. Features premium materials and thoughtful design. This sports product has been carefully crafted to meet the highest standards of quality and performance.,https://placehold.co/400x400/06b6d4/ffffff?text=Grip,"fitness, workout, outdoor",SKU-SPO-0034,False,3.7,324,2023-09-24T00:00:00.000Z,https://scrapingsandbox.com/product/34,2
35,Vintage Hoop Earrings,TasteBud,Jewelry,27.37,,High-quality vintage hoop earrings from TasteBud. Perfect for everyday use. Features premium materials and thoughtful design. This jewelry product has been carefully crafted to meet the highest standards of quality and performance.,https://placehold.co/400x400/ef4444/ffffff?text=Hoop,"handmade, fashion",SKU-JEW-0035,True,3.1,495,2022-03-05T00:00:00.000Z,https://scrapingsandbox.com/product/35,3
36,Modern Nut Mix,NovaTech,Food & Beverage,31.27,38.53,High-quality modern nut mix from NovaTech. Perfect for everyday use. Features premium materials and thoughtful design. This food & beverage product has been carefully crafted to meet the highest standards of quality and performance.,https://placehold.co/400x400/f59e0b/ffffff?text=Nut,snacks,SKU-FOO-0036,True,3.9,471,2022-11-19T00:00:00.000Z,https://scrapingsandbox.com/product/36,3
37,Handcrafted Flannel Shirt,SparkleBox,Clothing,164.84,,High-quality handcrafted flannel shirt from SparkleBox. Perfect for everyday use. Features premium materials and thoughtful design. This clothing product has been carefully crafted to meet the highest standards of quality and performance.,https://placehold.co/400x400/8b5cf6/ffffff?text=Flannel,"streetwear, unisex",SKU-CLO-0037,True,4.4,34,2022-06-04T00:00:00.000Z,https://scrapingsandbox.com/product/37,3
38,Lightweight Vitamin Pack,VitalLife,Health,148.91,,High-quality lightweight vitamin pack from VitalLife. Perfect for everyday use. Features premium materials and thoughtful design. This health product has been carefully crafted to meet the highest standards of quality and performance.,https://placehold.co/400x400/f59e0b/ffffff?text=Vitamin,"supplements, medical, fitness",SKU-HEA-0038,True,4.6,335,2023-07-19T00:00:00.000Z,https://scrapingsandbox.com/product/38,2
39,Compact Canvas,NovaTech,Art,204.29,279.96,High-quality compact canvas from NovaTech. Perfect for everyday use. Features premium materials and thoughtful design. This art product has been carefully crafted to meet the highest standards of quality and performance.,https://placehold.co/400x400/06b6d4/ffffff?text=Canvas,supplies,SKU-ART-0039,True,4.7,27,2023-09-19T00:00:00.000Z,https://scrapingsandbox.com/product/39,4
40,Professional Skipping Rope,SoundWave,Sports,31.33,,High-quality professional skipping rope from SoundWave. Perfect for everyday use. Features premium materials and thoughtful design. This sports product has been carefully crafted to meet the highest standards of quality and performance.,https://placehold.co/400x400/06b6d4/ffffff?text=Skipping,"workout, outdoor, training",SKU-SPO-0040,True,3.4,42,2022-09-19T00:00:00.000Z,https://scrapingsandbox.com/product/40,5
41,Ultra Cookbook,PlayZone,Books,104.27,,High-quality ultra cookbook from PlayZone. Perfect for everyday use. Features premium materials and thoughtful design. This books product has been carefully crafted to meet the highest standards of quality and performance.,https://placehold.co/400x400/f59e0b/ffffff?text=Cookbook,"literature, education, paperback",SKU-BOO-0041,True,3.3,277,2022-10-28T00:00:00.000Z,https://scrapingsandbox.com/product/41,2
42,Vintage Microphone,PageTurner,Electronics,27.42,,High-quality vintage microphone from PageTurner. Perfect for everyday use. Features premium materials and thoughtful design. This electronics product has been carefully crafted to meet the highest standards of quality and performance.,https://placehold.co/400x400/3b82f6/ffffff?text=Microphone,"tech, gadgets, digital",SKU-ELE-0042,False,3.3,48,2023-08-08T00:00:00.000Z,https://scrapingsandbox.com/product/42,3
43,Limited Edition Calligraphy Set,NovaTech,Art,44.65,,High-quality limited edition calligraphy set from NovaTech. Perfect for everyday use. Features premium materials and thoughtful design. This art product has been carefully crafted to meet the highest standards of quality and performance.,https://placehold.co/400x400/f59e0b/ffffff?text=Calligraphy,"supplies, creative, painting",SKU-ART-0043,True,4.1,138,2022-05-28T00:00:00.000Z,https://scrapingsandbox.com/product/43,2
44,Vintage Art Book,HomeNest,Books,91.83,,High-quality vintage art book from HomeNest. Perfect for everyday use. Features premium materials and thoughtful design. This books product has been carefully crafted to meet the highest standards of quality and performance.,https://placehold.co/400x400/f59e0b/ffffff?text=Art,"literature, education, paperback",SKU-BOO-0044,True,4.3,83,2023-05-25T00:00:00.000Z,https://scrapingsandbox.com/product/44,2
45,Handcrafted Chain,CozyCorner,Jewelry,13.6,,High-quality handcrafted chain from CozyCorner. Perfect for everyday use. Features premium materials and thoughtful design. This jewelry product has been carefully crafted to meet the highest standards of quality and performance.,https://placehold.co/400x400/6366f1/ffffff?text=Chain,"accessories, handmade",SKU-JEW-0045,True,3.4,81,2022-08-10T00:00:00.000Z,https://scrapingsandbox.com/product/45,2
46,Heavy-Duty Play Dough,DeskMate,Toys,50.6,61.74,High-quality heavy-duty play dough from DeskMate. Perfect for everyday use. Features premium materials and thoughtful design. This toys product has been carefully crafted to meet the highest standards of quality and performance.,https://placehold.co/400x400/06b6d4/ffffff?text=Play,"kids, games, fun",SKU-TOY-0046,True,4.5,491,2022-08-24T00:00:00.000Z,https://scrapingsandbox.com/product/46,2
47,Classic Sunscreen,DeskMate,Beauty,157.22,208.55,High-quality classic sunscreen from DeskMate. Perfect for everyday use. Features premium materials and thoughtful design. This beauty product has been carefully crafted to meet the highest standards of quality and performance.,https://placehold.co/400x400/f97316/ffffff?text=Sunscreen,skincare,SKU-BEA-0047,False,4.1,172,2022-12-19T00:00:00.000Z,https://scrapingsandbox.com/product/47,3
48,Smart Ab Wheel,FitPro,Sports,102.86,129.16,High-quality smart ab wheel from FitPro. Perfect for everyday use. Features premium materials and thoughtful design. This sports product has been carefully crafted to meet the highest standards of quality and performance.,https://placehold.co/400x400/ef4444/ffffff?text=Ab,"fitness, workout, training",SKU-SPO-0048,True,3.6,15,2023-11-16T00:00:00.000Z,https://scrapingsandbox.com/product/48,4
49,Ultra Vinyl Record,GlowUp,Music,158.97,222.33,High-quality ultra vinyl record from GlowUp. Perfect for everyday use. Features premium materials and thoughtful design. This music product has been carefully crafted to meet the highest standards of quality and performance.,https://placehold.co/400x400/f59e0b/ffffff?text=Vinyl,"instruments, audio, recording",SKU-MUS-0049,True,3.7,278,2022-02-02T00:00:00.000Z,https://scrapingsandbox.com/product/49,4
50,Organic Olive Oil,PlayZone,Food & Beverage,52.91,70.04,High-quality organic olive oil from PlayZone. Perfect for everyday use. Features premium materials and thoughtful design. This food & beverage product has been carefully crafted to meet the highest standards of quality and performance.,https://placehold.co/400x400/8b5cf6/ffffff?text=Olive,organic,SKU-FOO-0050,True,3.2,392,2022-09-11T00:00:00.000Z,https://scrapingsandbox.com/product/50,3
51,Premium Belt,MindBooks,Clothing,67.17,84.36,High-quality premium belt from MindBooks. Perfect for everyday use. Features premium materials and thoughtful design. This clothing product has been carefully crafted to meet the highest standards of quality and performance.,https://placehold.co/400x400/84cc16/ffffff?text=Belt,"fashion, casual",SKU-CLO-0051,True,4.6,2,2023-06-12T00:00:00.000Z,https://scrapingsandbox.com/product/51,4
52,Advanced Journal,VitalLife,Books,84.44,,High-quality advanced journal from VitalLife. Perfect for everyday use. Features premium materials and thoughtful design. This books product has been carefully crafted to meet the highest standards of quality and performance.,https://placehold.co/400x400/6366f1/ffffff?text=Journal,"education, paperback",SKU-BOO-0052,True,3.4,212,2023-06-29T00:00:00.000Z,https://scrapingsandbox.com/product/52,5
53,Wireless Jam Collection,UrbanThread,Food & Beverage,175.09,,High-quality wireless jam collection from UrbanThread. Perfect for everyday use. Features premium materials and thoughtful design. This food & beverage product has been carefully crafted to meet the highest standards of quality and performance.,https://placehold.co/400x400/06b6d4/ffffff?text=Jam,"organic, artisan",SKU-FOO-0053,False,3.7,190,2023-01-15T00:00:00.000Z,https://scrapingsandbox.com/product/53,2
54,Portable Children's Book,FitPro,Books,141.9,,High-quality portable children's book from FitPro. Perfect for everyday use. Features premium materials and thoughtful design. This books product has been carefully crafted to meet the highest standards of quality and performance.,https://placehold.co/400x400/6366f1/ffffff?text=Children's,bestseller,SKU-BOO-0054,True,3.3,397,2022-05-10T00:00:00.000Z,https://scrapingsandbox.com/product/54,2
55,Professional MIDI Controller,SoundWave,Music,79.85,121.02,High-quality professional midi controller from SoundWave. Perfect for everyday use. Features premium materials and thoughtful design. This music product has been carefully crafted to meet the highest standards of quality and performance.,https://placehold.co/400x400/06b6d4/ffffff?text=MIDI,accessories,SKU-MUS-0055,True,4.2,123,2023-12-05T00:00:00.000Z,https://scrapingsandbox.com/product/55,4
56,Essential Ring Light,TechVault,Electronics,117.84,185.18,High-quality essential ring light from TechVault. Perfect for everyday use. Features premium materials and thoughtful design. This electronics product has been carefully crafted to meet the highest standards of quality and performance.,https://placehold.co/400x400/06b6d4/ffffff?text=Ring,"tech, USB",SKU-ELE-0056,True,4.0,232,2022-11-10T00:00:00.000Z,https://scrapingsandbox.com/product/56,3
57,Essential Thermometer,PageTurner,Health,81.15,,High-quality essential thermometer from PageTurner. Perfect for everyday use. Features premium materials and thoughtful design. This health product has been carefully crafted to meet the highest standards of quality and performance.,https://placehold.co/400x400/6366f1/ffffff?text=Thermometer,"supplements, medical, natural",SKU-HEA-0057,True,3.4,325,2022-04-15T00:00:00.000Z,https://scrapingsandbox.com/product/57,3
58,Advanced File Folder,StyleCraft,Office Supplies,156.62,207.19,High-quality advanced file folder from StyleCraft. Perfect for everyday use. Features premium materials and thoughtful design. This office supplies product has been carefully crafted to meet the highest standards of quality and performance.,https://placehold.co/400x400/8b5cf6/ffffff?text=File,"desk, organization, work",SKU-OFF-0058,False,3.5,268,2022-10-08T00:00:00.000Z,https://scrapingsandbox.com/product/58,2
59,Advanced Watch,FitPro,Clothing,45.33,70.34,High-quality advanced watch from FitPro. Perfect for everyday use. Features premium materials and thoughtful design. This clothing product has been carefully crafted to meet the highest standards of quality and performance.,https://placehold.co/400x400/84cc16/ffffff?text=Watch,"apparel, streetwear, casual",SKU-CLO-0059,True,3.3,207,2023-06-08T00:00:00.000Z,https://scrapingsandbox.com/product/59,2
60,Eco-Friendly Puzzle Set,FitPro,Toys,158.96,,High-quality eco-friendly puzzle set from FitPro. Perfect for everyday use. Features premium materials and thoughtful design. This toys product has been carefully crafted to meet the highest standards of quality and performance.,https://placehold.co/400x400/f59e0b/ffffff?text=Puzzle,"fun, educational",SKU-TOY-0060,True,4.1,116,2022-02-18T00:00:00.000Z,https://scrapingsandbox.com/product/60,2
61,Essential Spark Plug,NovaTech,Automotive,180.29,,High-quality essential spark plug from NovaTech. Perfect for everyday use. Features premium materials and thoughtful design. This automotive product has been carefully crafted to meet the highest standards of quality and performance.,https://placehold.co/400x400/8b5cf6/ffffff?text=Spark,"car, accessories",SKU-AUT-0061,True,3.4,276,2023-03-05T00:00:00.000Z,https://scrapingsandbox.com/product/61,3
62,Compact Smart Watch,HomeNest,Electronics,102.16,,High-quality compact smart watch from HomeNest. Perfect for everyday use. Features premium materials and thoughtful design. This electronics product has been carefully crafted to meet the highest standards of quality and performance.,https://placehold.co/400x400/84cc16/ffffff?text=Smart,"gadgets, digital, USB",SKU-ELE-0062,False,4.4,286,2023-11-11T00:00:00.000Z,https://scrapingsandbox.com/product/62,2
63,Professional Watch,StyleCraft,Clothing,100.01,152.56,High-quality professional watch from StyleCraft. Perfect for everyday use. Features premium materials and thoughtful design. This clothing product has been carefully crafted to meet the highest standards of quality and performance.,https://placehold.co/400x400/6366f1/ffffff?text=Watch,streetwear,SKU-CLO-0063,True,3.1,221,2023-09-24T00:00:00.000Z,https://scrapingsandbox.com/product/63,2
64,Professional Thermometer,UrbanThread,Health,199.47,315.88,High-quality professional thermometer from UrbanThread. Perfect for everyday use. Features premium materials and thoughtful design. This health product has been carefully crafted to meet the highest standards of quality and performance.,https://placehold.co/400x400/8b5cf6/ffffff?text=Thermometer,"supplements, medical, fitness",SKU-HEA-0064,False,3.6,4,2023-02-06T00:00:00.000Z,https://scrapingsandbox.com/product/64,5
65,Classic Litter Box,SparkleBox,Pet Supplies,53.01,,High-quality classic litter box from SparkleBox. Perfect for everyday use. Features premium materials and thoughtful design. This pet supplies product has been carefully crafted to meet the highest standards of quality and performance.,https://placehold.co/400x400/f59e0b/ffffff?text=Litter,"dogs, cats, food",SKU-PET-0065,False,3.1,228,2023-03-22T00:00:00.000Z,https://scrapingsandbox.com/product/65,2
66,Vintage Trunk Organizer,StyleCraft,Automotive,182.08,231.24,High-quality vintage trunk organizer from StyleCraft. Perfect for everyday use. Features premium materials and thoughtful design. This automotive product has been carefully crafted to meet the highest standards of quality and performance.,https://placehold.co/400x400/84cc16/ffffff?text=Trunk,"maintenance, travel, safety",SKU-AUT-0066,True,3.7,198,2023-03-15T00:00:00.000Z,https://scrapingsandbox.com/product/66,5
67,Lightweight Toe Ring,FitPro,Jewelry,188.36,,High-quality lightweight toe ring from FitPro. Perfect for everyday use. Features premium materials and thoughtful design. This jewelry product has been carefully crafted to meet the highest standards of quality and performance.,https://placehold.co/400x400/84cc16/ffffff?text=Toe,fashion,SKU-JEW-0067,True,4.4,243,2022-07-24T00:00:00.000Z,https://scrapingsandbox.com/product/67,5
68,Wireless Stamp Set,GlowUp,Office Supplies,45.66,,High-quality wireless stamp set from GlowUp. Perfect for everyday use. Features premium materials and thoughtful design. This office supplies product has been carefully crafted to meet the highest standards of quality and performance.,https://placehold.co/400x400/ef4444/ffffff?text=Stamp,"desk, school, work",SKU-OFF-0068,True,4.5,328,2023-10-26T00:00:00.000Z,https://scrapingsandbox.com/product/68,2
69,Lightweight Cardigan,HomeNest,Clothing,11.02,,High-quality lightweight cardigan from HomeNest. Perfect for everyday use. Features premium materials and thoughtful design. This clothing product has been carefully crafted to meet the highest standards of quality and performance.,https://placehold.co/400x400/f59e0b/ffffff?text=Cardigan,"streetwear, casual, unisex",SKU-CLO-0069,True,4.3,194,2023-01-10T00:00:00.000Z,https://scrapingsandbox.com/product/69,2
70,Classic Moisturizer,HomeNest,Beauty,143.0,181.21,High-quality classic moisturizer from HomeNest. Perfect for everyday use. Features premium materials and thoughtful design. This beauty product has been carefully crafted to meet the highest standards of quality and performance.,https://placehold.co/400x400/ec4899/ffffff?text=Moisturizer,cosmetics,SKU-BEA-0070,True,4.4,474,2022-06-13T00:00:00.000Z,https://scrapingsandbox.com/product/70,2
71,Classic Canvas,AutoParts Pro,Art,21.25,34.51,High-quality classic canvas from AutoParts Pro. Perfect for everyday use. Features premium materials and thoughtful design. This art product has been carefully crafted to meet the highest standards of quality and performance.,https://placehold.co/400x400/f59e0b/ffffff?text=Canvas,"supplies, creative, drawing",SKU-ART-0071,True,3.6,471,2022-10-08T00:00:00.000Z,https://scrapingsandbox.com/product/71,5
72,Handcrafted Speaker Cable,PawPal,Music,70.07,,High-quality handcrafted speaker cable from PawPal. Perfect for everyday use. Features premium materials and thoughtful design. This music product has been carefully crafted to meet the highest standards of quality and performance.,https://placehold.co/400x400/f59e0b/ffffff?text=Speaker,"instruments, performance",SKU-MUS-0072,True,3.2,125,2022-02-17T00:00:00.000Z,https://scrapingsandbox.com/product/72,3
73,Advanced Pick Set,TechVault,Music,128.87,,High-quality advanced pick set from TechVault. Perfect for everyday use. Features premium materials and thoughtful design. This music product has been carefully crafted to meet the highest standards of quality and performance.,https://placehold.co/400x400/ef4444/ffffff?text=Pick,audio,SKU-MUS-0073,True,4.2,182,2023-07-10T00:00:00.000Z,https://scrapingsandbox.com/product/73,2
74,Lightweight Tuner,VitalLife,Music,148.14,237.51,High-quality lightweight tuner from VitalLife. Perfect for everyday use. Features premium materials and thoughtful design. This music product has been carefully crafted to meet the highest standards of quality and performance.,https://placehold.co/400x400/ec4899/ffffff?text=Tuner,"instruments, audio, recording",SKU-MUS-0074,False,3.4,74,2022-01-07T00:00:00.000Z,https://scrapingsandbox.com/product/74,5
75,Limited Edition File Folder,ProGear,Office Supplies,55.52,75.48,High-quality limited edition file folder from ProGear. Perfect for everyday use. Features premium materials and thoughtful design. This office supplies product has been carefully crafted to meet the highest standards of quality and performance.,https://placehold.co/400x400/ef4444/ffffff?text=File,"organization, school, work",SKU-OFF-0075,True,4.4,265,2023-11-01T00:00:00.000Z,https://scrapingsandbox.com/product/75,4
76,Lightweight Socks Pack,PawPal,Clothing,187.14,,High-quality lightweight socks pack from PawPal. Perfect for everyday use. Features premium materials and thoughtful design. This clothing product has been carefully crafted to meet the highest standards of quality and performance.,https://placehold.co/400x400/3b82f6/ffffff?text=Socks,"apparel, casual",SKU-CLO-0076,False,3.7,458,2023-07-29T00:00:00.000Z,https://scrapingsandbox.com/product/76,2
77,Modern Coffee Beans,DeskMate,Food & Beverage,6.22,7.76,High-quality modern coffee beans from DeskMate. Perfect for everyday use. Features premium materials and thoughtful design. This food & beverage product has been carefully crafted to meet the highest standards of quality and performance.,https://placehold.co/400x400/ec4899/ffffff?text=Coffee,"organic, gourmet, drinks",SKU-FOO-0077,True,4.3,174,2023-12-17T00:00:00.000Z,https://scrapingsandbox.com/product/77,3
78,Wireless Car Vacuum,PawPal,Automotive,42.41,,High-quality wireless car vacuum from PawPal. Perfect for everyday use. Features premium materials and thoughtful design. This automotive product has been carefully crafted to meet the highest standards of quality and performance.,https://placehold.co/400x400/ef4444/ffffff?text=Car,car,SKU-AUT-0078,True,4.8,143,2023-09-08T00:00:00.000Z,https://scrapingsandbox.com/product/78,4
79,Classic Pill Organizer,SoundWave,Health,141.59,187.55,High-quality classic pill organizer from SoundWave. Perfect for everyday use. Features premium materials and thoughtful design. This health product has been carefully crafted to meet the highest standards of quality and performance.,https://placehold.co/400x400/10b981/ffffff?text=Pill,"supplements, fitness",SKU-HEA-0079,True,4.8,210,2022-04-29T00:00:00.000Z,https://scrapingsandbox.com/product/79,4
80,Portable Planner,VitalLife,Books,16.64,,High-quality portable planner from VitalLife. Perfect for everyday use. Features premium materials and thoughtful design. This books product has been carefully crafted to meet the highest standards of quality and performance.,https://placehold.co/400x400/8b5cf6/ffffff?text=Planner,"reading, bestseller, paperback",SKU-BOO-0080,True,3.5,73,2023-05-30T00:00:00.000Z,https://scrapingsandbox.com/product/80,4
81,Eco-Friendly Blood Pressure Monitor,AutoParts Pro,Health,115.64,,High-quality eco-friendly blood pressure monitor from AutoParts Pro. Perfect for everyday use. Features premium materials and thoughtful design. This health product has been carefully crafted to meet the highest standards of quality and performance.,https://placehold.co/400x400/8b5cf6/ffffff?text=Blood,"wellness, supplements, medical",SKU-HEA-0081,True,3.8,499,2022-12-12T00:00:00.000Z,https://scrapingsandbox.com/product/81,2
82,Portable Sneakers,PlayZone,Clothing,24.83,,High-quality portable sneakers from PlayZone. Perfect for everyday use. Features premium materials and thoughtful design. This clothing product has been carefully crafted to meet the highest standards of quality and performance.,https://placehold.co/400x400/3b82f6/ffffff?text=Sneakers,"apparel, unisex",SKU-CLO-0082,True,3.5,46,2022-09-21T00:00:00.000Z,https://scrapingsandbox.com/product/82,2
83,Ultra Locket,MindBooks,Jewelry,158.09,223.34,High-quality ultra locket from MindBooks. Perfect for everyday use. Features premium materials and thoughtful design. This jewelry product has been carefully crafted to meet the highest standards of quality and performance.,https://placehold.co/400x400/6366f1/ffffff?text=Locket,"accessories, handmade, sterling",SKU-JEW-0083,True,3.6,291,2022-10-16T00:00:00.000Z,https://scrapingsandbox.com/product/83,5
84,Professional Vitamin Pack,VitalLife,Health,90.2,,High-quality professional vitamin pack from VitalLife. Perfect for everyday use. Features premium materials and thoughtful design. This health product has been carefully crafted to meet the highest standards of quality and performance.,https://placehold.co/400x400/6366f1/ffffff?text=Vitamin,"medical, natural, fitness",SKU-HEA-0084,True,4.7,29,2023-03-19T00:00:00.000Z,https://scrapingsandbox.com/product/84,5
85,Ultra First Aid Kit,PlayZone,Health,56.04,90.93,High-quality ultra first aid kit from PlayZone. Perfect for everyday use. Features premium materials and thoughtful design. This health product has been carefully crafted to meet the highest standards of quality and performance.,https://placehold.co/400x400/3b82f6/ffffff?text=First,wellness,SKU-HEA-0085,True,3.3,269,2022-11-14T00:00:00.000Z,https://scrapingsandbox.com/product/85,3
86,Vintage Highlighters,MindBooks,Office Supplies,195.45,,High-quality vintage highlighters from MindBooks. Perfect for everyday use. Features premium materials and thoughtful design. This office supplies product has been carefully crafted to meet the highest standards of quality and performance.,https://placehold.co/400x400/ef4444/ffffff?text=Highlighters,"stationery, desk, organization",SKU-OFF-0086,True,4.2,167,2023-02-27T00:00:00.000Z,https://scrapingsandbox.com/product/86,4
87,Pro Headphones,TechVault,Music,86.34,,High-quality pro headphones from TechVault. Perfect for everyday use. Features premium materials and thoughtful design. This music product has been carefully crafted to meet the highest standards of quality and performance.,https://placehold.co/400x400/8b5cf6/ffffff?text=Headphones,"instruments, performance",SKU-MUS-0087,True,3.6,191,2022-09-20T00:00:00.000Z,https://scrapingsandbox.com/product/87,3
88,Organic Clock,ProGear,Home & Garden,90.92,144.05,High-quality organic clock from ProGear. Perfect for everyday use. Features premium materials and thoughtful design. This home & garden product has been carefully crafted to meet the highest standards of quality and performance.,https://placehold.co/400x400/f59e0b/ffffff?text=Clock,"decor, kitchen, living room",SKU-HOM-0088,True,4.2,72,2022-02-18T00:00:00.000Z,https://scrapingsandbox.com/product/88,4
89,Wireless Smart Watch,AutoParts Pro,Electronics,27.3,,High-quality wireless smart watch from AutoParts Pro. Perfect for everyday use. Features premium materials and thoughtful design. This electronics product has been carefully crafted to meet the highest standards of quality and performance.,https://placehold.co/400x400/ec4899/ffffff?text=Smart,"tech, gadgets, digital",SKU-ELE-0089,False,4.8,102,2022-08-21T00:00:00.000Z,https://scrapingsandbox.com/product/89,2
90,Wireless Headphones,ProGear,Music,125.33,,High-quality wireless headphones from ProGear. Perfect for everyday use. Features premium materials and thoughtful design. This music product has been carefully crafted to meet the highest standards of quality and performance.,https://placehold.co/400x400/ec4899/ffffff?text=Headphones,"instruments, audio, recording",SKU-MUS-0090,True,3.0,475,2023-08-19T00:00:00.000Z,https://scrapingsandbox.com/product/90,4
91,Premium Seat Cover,UrbanThread,Automotive,14.0,,High-quality premium seat cover from UrbanThread. Perfect for everyday use. Features premium materials and thoughtful design. This automotive product has been carefully crafted to meet the highest standards of quality and performance.,https://placehold.co/400x400/6366f1/ffffff?text=Seat,"accessories, maintenance, travel",SKU-AUT-0091,True,3.5,119,2022-02-09T00:00:00.000Z,https://scrapingsandbox.com/product/91,4
92,Advanced Napkin Holder,SoundWave,Home & Garden,170.01,285.17,High-quality advanced napkin holder from SoundWave. Perfect for everyday use. Features premium materials and thoughtful design. This home & garden product has been carefully crafted to meet the highest standards of quality and performance.,https://placehold.co/400x400/f97316/ffffff?text=Napkin,"decor, kitchen, living room",SKU-HOM-0092,True,4.0,253,2022-12-28T00:00:00.000Z,https://scrapingsandbox.com/product/92,3
93,Lightweight Battery,AutoParts Pro,Automotive,93.48,,High-quality lightweight battery from AutoParts Pro. Perfect for everyday use. Features premium materials and thoughtful design. This automotive product has been carefully crafted to meet the highest standards of quality and performance.,https://placehold.co/400x400/8b5cf6/ffffff?text=Battery,"car, maintenance, travel",SKU-AUT-0093,True,4.1,36,2023-01-03T00:00:00.000Z,https://scrapingsandbox.com/product/93,3
94,Compact Joggers,SoundWave,Clothing,35.16,,High-quality compact joggers from SoundWave. Perfect for everyday use. Features premium materials and thoughtful design. This clothing product has been carefully crafted to meet the highest standards of quality and performance.,https://placehold.co/400x400/10b981/ffffff?text=Joggers,"streetwear, casual, unisex",SKU-CLO-0094,True,4.8,388,2023-09-26T00:00:00.000Z,https://scrapingsandbox.com/product/94,2
95,Heavy-Duty Olive Oil,ProGear,Food & Beverage,152.94,205.52,High-quality heavy-duty olive oil from ProGear. Perfect for everyday use. Features premium materials and thoughtful design. This food & beverage product has been carefully crafted to meet the highest standards of quality and performance.,https://placehold.co/400x400/ef4444/ffffff?text=Olive,"organic, gourmet, snacks",SKU-FOO-0095,False,3.1,326,2022-04-13T00:00:00.000Z,https://scrapingsandbox.com/product/95,2
96,Smart Bracelet,SoundWave,Jewelry,151.07,,High-quality smart bracelet from SoundWave. Perfect for everyday use. Features premium materials and thoughtful design. This jewelry product has been carefully crafted to meet the highest standards of quality and performance.,https://placehold.co/400x400/8b5cf6/ffffff?text=Bracelet,luxury,SKU-JEW-0096,True,4.3,83,2023-07-08T00:00:00.000Z,https://scrapingsandbox.com/product/96,4
97,Deluxe Wiper Blade,UrbanThread,Automotive,121.64,,High-quality deluxe wiper blade from UrbanThread. Perfect for everyday use. Features premium materials and thoughtful design. This automotive product has been carefully crafted to meet the highest standards of quality and performance.,https://placehold.co/400x400/10b981/ffffff?text=Wiper,"car, accessories, maintenance",SKU-AUT-0097,True,4.8,362,2023-08-21T00:00:00.000Z,https://scrapingsandbox.com/product/97,2
98,Modern Popcorn Pack,DeskMate,Food & Beverage,147.51,,High-quality modern popcorn pack from DeskMate. Perfect for everyday use. Features premium materials and thoughtful design. This food & beverage product has been carefully crafted to meet the highest standards of quality and performance.,https://placehold.co/400x400/3b82f6/ffffff?text=Popcorn,"gourmet, drinks, artisan",SKU-FOO-0098,True,3.7,302,2023-04-18T00:00:00.000Z,https://scrapingsandbox.com/product/98,4
99,Advanced Iron Supplement,PageTurner,Health,146.78,,High-quality advanced iron supplement from PageTurner. Perfect for everyday use. Features premium materials and thoughtful design. This health product has been carefully crafted to meet the highest standards of quality and performance.,https://placehold.co/400x400/f59e0b/ffffff?text=Iron,"wellness, supplements, fitness",SKU-HEA-0099,True,3.8,472,2022-03-18T00:00:00.000Z,https://scrapingsandbox.com/product/99,5
100,Eco-Friendly Bangle,NovaTech,Jewelry,51.11,,High-quality eco-friendly bangle from NovaTech. Perfect for everyday use. Features premium materials and thoughtful design. This jewelry product has been carefully crafted to meet the highest standards of quality and performance.,https://placehold.co/400x400/06b6d4/ffffff?text=Bangle,"luxury, handmade, sterling",SKU-JEW-0100,True,4.3,283,2022-03-21T00:00:00.000Z,https://scrapingsandbox.com/product/100,3
101,Essential Sunglasses,FitPro,Clothing,144.83,,High-quality essential sunglasses from FitPro. Perfect for everyday use. Features premium materials and thoughtful design. This clothing product has been carefully crafted to meet the highest standards of quality and performance.,https://placehold.co/400x400/8b5cf6/ffffff?text=Sunglasses,"streetwear, casual",SKU-CLO-0101,True,3.2,158,2023-05-06T00:00:00.000Z,https://scrapingsandbox.com/product/101,3
102,Heavy-Duty Vinyl Record,TechVault,Music,194.89,273.23,High-quality heavy-duty vinyl record from TechVault. Perfect for everyday use. Features premium materials and thoughtful design. This music product has been carefully crafted to meet the highest standards of quality and performance.,https://placehold.co/400x400/3b82f6/ffffff?text=Vinyl,"instruments, recording",SKU-MUS-0102,True,3.4,336,2023-03-06T00:00:00.000Z,https://scrapingsandbox.com/product/102,3
103,Smart Storage Basket,TasteBud,Home & Garden,7.55,,High-quality smart storage basket from TasteBud. Perfect for everyday use. Features premium materials and thoughtful design. This home & garden product has been carefully crafted to meet the highest standards of quality and performance.,https://placehold.co/400x400/ec4899/ffffff?text=Storage,"garden, cozy",SKU-HOM-0103,True,4.9,282,2023-10-23T00:00:00.000Z,https://scrapingsandbox.com/product/103,4
104,Modern Puzzle Set,VitalLife,Toys,146.64,185.84,High-quality modern puzzle set from VitalLife. Perfect for everyday use. Features premium materials and thoughtful design. This toys product has been carefully crafted to meet the highest standards of quality and performance.,https://placehold.co/400x400/ec4899/ffffff?text=Puzzle,"fun, educational, creative",SKU-TOY-0104,True,3.6,170,2022-04-16T00:00:00.000Z,https://scrapingsandbox.com/product/104,4
105,Smart Scarf,MindBooks,Clothing,109.34,,High-quality smart scarf from MindBooks. Perfect for everyday use. Features premium materials and thoughtful design. This clothing product has been carefully crafted to meet the highest standards of quality and performance.,https://placehold.co/400x400/ec4899/ffffff?text=Scarf,"streetwear, unisex",SKU-CLO-0105,True,3.1,165,2023-03-30T00:00:00.000Z,https://scrapingsandbox.com/product/105,5
106,Vintage Collar,GlowUp,Pet Supplies,181.46,,High-quality vintage collar from GlowUp. Perfect for everyday use. Features premium materials and thoughtful design. This pet supplies product has been carefully crafted to meet the highest standards of quality and performance.,https://placehold.co/400x400/f97316/ffffff?text=Collar,"dogs, pets, food",SKU-PET-0106,True,3.3,325,2023-04-28T00:00:00.000Z,https://scrapingsandbox.com/product/106,4
107,Compact Sneakers,CozyCorner,Clothing,74.48,,High-quality compact sneakers from CozyCorner. Perfect for everyday use. Features premium materials and thoughtful design. This clothing product has been carefully crafted to meet the highest standards of quality and performance.,https://placehold.co/400x400/f59e0b/ffffff?text=Sneakers,"fashion, streetwear, casual",SKU-CLO-0107,True,4.5,59,2022-08-08T00:00:00.000Z,https://scrapingsandbox.com/product/107,3
108,Deluxe Shorts,AutoParts Pro,Clothing,192.23,,High-quality deluxe shorts from AutoParts Pro. Perfect for everyday use. Features premium materials and thoughtful design. This clothing product has been carefully crafted to meet the highest standards of quality and performance.,https://placehold.co/400x400/6366f1/ffffff?text=Shorts,"apparel, streetwear, casual",SKU-CLO-0108,True,3.3,188,2022-10-12T00:00:00.000Z,https://scrapingsandbox.com/product/108,4
109,Portable Sweatband,ProGear,Sports,35.04,,High-quality portable sweatband from ProGear. Perfect for everyday use. Features premium materials and thoughtful design. This sports product has been carefully crafted to meet the highest standards of quality and performance.,https://placehold.co/400x400/ec4899/ffffff?text=Sweatband,workout,SKU-SPO-0109,True,4.5,205,2023-05-23T00:00:00.000Z,https://scrapingsandbox.com/product/109,4
110,Classic Tennis Balls,UrbanThread,Sports,83.72,,High-quality classic tennis balls from UrbanThread. Perfect for everyday use. Features premium materials and thoughtful design. This sports product has been carefully crafted to meet the highest standards of quality and performance.,https://placehold.co/400x400/f97316/ffffff?text=Tennis,"fitness, workout, outdoor",SKU-SPO-0110,True,4.8,96,2023-01-11T00:00:00.000Z,https://scrapingsandbox.com/product/110,5
111,Smart Pop Filter,CozyCorner,Music,43.29,,High-quality smart pop filter from CozyCorner. Perfect for everyday use. Features premium materials and thoughtful design. This music product has been carefully crafted to meet the highest standards of quality and performance.,https://placehold.co/400x400/ef4444/ffffff?text=Pop,"instruments, audio, accessories",SKU-MUS-0111,True,3.3,215,2023-04-27T00:00:00.000Z,https://scrapingsandbox.com/product/111,4
112,Advanced Strap,CozyCorner,Music,94.54,,High-quality advanced strap from CozyCorner. Perfect for everyday use. Features premium materials and thoughtful design. This music product has been carefully crafted to meet the highest standards of quality and performance.,https://placehold.co/400x400/06b6d4/ffffff?text=Strap,"instruments, performance",SKU-MUS-0112,True,4.6,358,2022-02-18T00:00:00.000Z,https://scrapingsandbox.com/product/112,2
113,Deluxe Ab Wheel,PawPal,Sports,36.47,,High-quality deluxe ab wheel from PawPal. Perfect for everyday use. Features premium materials and thoughtful design. This sports product has been carefully crafted to meet the highest standards of quality and performance.,https://placehold.co/400x400/ef4444/ffffff?text=Ab,"fitness, workout",SKU-SPO-0113,True,4.7,251,2022-07-07T00:00:00.000Z,https://scrapingsandbox.com/product/113,5
114,Smart Capo,PageTurner,Music,107.29,,High-quality smart capo from PageTurner. Perfect for everyday use. Features premium materials and thoughtful design. This music product has been carefully crafted to meet the highest standards of quality and performance.,https://placehold.co/400x400/84cc16/ffffff?text=Capo,"instruments, recording, accessories",SKU-MUS-0114,True,4.4,276,2022-09-06T00:00:00.000Z,https://scrapingsandbox.com/product/114,4
115,Handcrafted Paper Clips,GlowUp,Office Supplies,155.36,,High-quality handcrafted paper clips from GlowUp. Perfect for everyday use. Features premium materials and thoughtful design. This office supplies product has been carefully crafted to meet the highest standards of quality and performance.,https://placehold.co/400x400/84cc16/ffffff?text=Paper,"desk, school, work",SKU-OFF-0115,True,3.7,216,2023-03-06T00:00:00.000Z,https://scrapingsandbox.com/product/115,5
116,Eco-Friendly Tape Dispenser,AutoParts Pro,Office Supplies,105.07,129.33,High-quality eco-friendly tape dispenser from AutoParts Pro. Perfect for everyday use. Features premium materials and thoughtful design. This office supplies product has been carefully crafted to meet the highest standards of quality and performance.,https://placehold.co/400x400/6366f1/ffffff?text=Tape,"desk, school",SKU-OFF-0116,True,4.2,109,2023-04-20T00:00:00.000Z,https://scrapingsandbox.com/product/116,2
117,Eco-Friendly Thermometer,SparkleBox,Health,62.03,,High-quality eco-friendly thermometer from SparkleBox. Perfect for everyday use. Features premium materials and thoughtful design. This health product has been carefully crafted to meet the highest standards of quality and performance.,https://placehold.co/400x400/06b6d4/ffffff?text=Thermometer,"wellness, supplements, medical",SKU-HEA-0117,True,4.6,234,2022-10-01T00:00:00.000Z,https://scrapingsandbox.com/product/117,5
118,Essential Stud Earrings,FitPro,Jewelry,105.39,,High-quality essential stud earrings from FitPro. Perfect for everyday use. Features premium materials and thoughtful design. This jewelry product has been carefully crafted to meet the highest standards of quality and performance.,https://placehold.co/400x400/ec4899/ffffff?text=Stud,"accessories, handmade, sterling",SKU-JEW-0118,True,4.6,278,2022-08-29T00:00:00.000Z,https://scrapingsandbox.com/product/118,3
119,Lightweight Protein Powder,VitalLife,Health,119.4,,High-quality lightweight protein powder from VitalLife. Perfect for everyday use. Features premium materials and thoughtful design. This health product has been carefully crafted to meet the highest standards of quality and performance.,https://placehold.co/400x400/f97316/ffffff?text=Protein,"supplements, fitness",SKU-HEA-0119,True,3.9,417,2023-04-02T00:00:00.000Z,https://scrapingsandbox.com/product/119,5
120,Smart Cardigan,TasteBud,Clothing,28.73,,High-quality smart cardigan from TasteBud. Perfect for everyday use. Features premium materials and thoughtful design. This clothing product has been carefully crafted to meet the highest standards of quality and performance.,https://placehold.co/400x400/ec4899/ffffff?text=Cardigan,"fashion, streetwear, casual",SKU-CLO-0120,True,5.0,263,2022-08-09T00:00:00.000Z,https://scrapingsandbox.com/product/120,5
121,Organic Mug Set,VitalLife,Home & Garden,150.77,,High-quality organic mug set from VitalLife. Perfect for everyday use. Features premium materials and thoughtful design. This home & garden product has been carefully crafted to meet the highest standards of quality and performance.,https://placehold.co/400x400/84cc16/ffffff?text=Mug,kitchen,SKU-HOM-0121,True,4.2,161,2023-04-20T00:00:00.000Z,https://scrapingsandbox.com/product/121,4
122,Advanced Catnip,GlowUp,Pet Supplies,183.75,254.78,High-quality advanced catnip from GlowUp. Perfect for everyday use. Features premium materials and thoughtful design. This pet supplies product has been carefully crafted to meet the highest standards of quality and performance.,https://placehold.co/400x400/f59e0b/ffffff?text=Catnip,dogs,SKU-PET-0122,True,4.8,137,2023-06-14T00:00:00.000Z,https://scrapingsandbox.com/product/122,3
123,Handcrafted Business Book,StyleCraft,Books,203.17,306.75,High-quality handcrafted business book from StyleCraft. Perfect for everyday use. Features premium materials and thoughtful design. This books product has been carefully crafted to meet the highest standards of quality and performance.,https://placehold.co/400x400/84cc16/ffffff?text=Business,"reading, literature, education",SKU-BOO-0123,True,4.9,499,2023-10-26T00:00:00.000Z,https://scrapingsandbox.com/product/123,4
124,Ultra Train Set,TasteBud,Toys,143.16,,High-quality ultra train set from TasteBud. Perfect for everyday use. Features premium materials and thoughtful design. This toys product has been carefully crafted to meet the highest standards of quality and performance.,https://placehold.co/400x400/8b5cf6/ffffff?text=Train,"games, educational",SKU-TOY-0124,True,4.1,318,2022-04-24T00:00:00.000Z,https://scrapingsandbox.com/product/124,2
125,Advanced Brooch,DeskMate,Jewelry,177.99,,High-quality advanced brooch from DeskMate. Perfect for everyday use. Features premium materials and thoughtful design. This jewelry product has been carefully crafted to meet the highest standards of quality and performance.,https://placehold.co/400x400/10b981/ffffff?text=Brooch,"accessories, luxury",SKU-JEW-0125,True,4.1,322,2023-08-30T00:00:00.000Z,https://scrapingsandbox.com/product/125,5
126,Classic Wall Art,ProGear,Home & Garden,154.5,,High-quality classic wall art from ProGear. Perfect for everyday use. Features premium materials and thoughtful design. This home & garden product has been carefully crafted to meet the highest standards of quality and performance.,https://placehold.co/400x400/84cc16/ffffff?text=Wall,"living room, garden",SKU-HOM-0126,True,4.8,144,2022-10-20T00:00:00.000Z,https://scrapingsandbox.com/product/126,5
127,Premium Mystery Novel,MindBooks,Books,26.81,44.09,High-quality premium mystery novel from MindBooks. Perfect for everyday use. Features premium materials and thoughtful design. This books product has been carefully crafted to meet the highest standards of quality and performance.,https://placehold.co/400x400/f59e0b/ffffff?text=Mystery,"reading, education",SKU-BOO-0127,True,4.6,298,2023-03-03T00:00:00.000Z,https://scrapingsandbox.com/product/127,5
128,Eco-Friendly Flannel Shirt,ProGear,Clothing,75.16,,High-quality eco-friendly flannel shirt from ProGear. Perfect for everyday use. Features premium materials and thoughtful design. This clothing product has been carefully crafted to meet the highest standards of quality and performance.,https://placehold.co/400x400/06b6d4/ffffff?text=Flannel,"fashion, streetwear, casual",SKU-CLO-0128,True,4.4,83,2023-10-05T00:00:00.000Z,https://scrapingsandbox.com/product/128,5
129,Lightweight Ice Pack,MindBooks,Health,191.92,317.09,High-quality lightweight ice pack from MindBooks. Perfect for everyday use. Features premium materials and thoughtful design. This health product has been carefully crafted to meet the highest standards of quality and performance.,https://placehold.co/400x400/84cc16/ffffff?text=Ice,"wellness, medical, natural",SKU-HEA-0129,True,3.4,337,2022-10-23T00:00:00.000Z,https://scrapingsandbox.com/product/129,2
130,Portable Bubble Machine,CozyCorner,Toys,59.9,99.82,High-quality portable bubble machine from CozyCorner. Perfect for everyday use. Features premium materials and thoughtful design. This toys product has been carefully crafted to meet the highest standards of quality and performance.,https://placehold.co/400x400/f59e0b/ffffff?text=Bubble,creative,SKU-TOY-0130,False,3.9,153,2022-12-07T00:00:00.000Z,https://scrapingsandbox.com/product/130,2
131,Lightweight Hand Cream,HomeNest,Beauty,188.36,286.26,High-quality lightweight hand cream from HomeNest. Perfect for everyday use. Features premium materials and thoughtful design. This beauty product has been carefully crafted to meet the highest standards of quality and performance.,https://placehold.co/400x400/06b6d4/ffffff?text=Hand,vegan,SKU-BEA-0131,True,4.4,337,2022-10-04T00:00:00.000Z,https://scrapingsandbox.com/product/131,3
132,Classic Capo,VitalLife,Music,105.87,,High-quality classic capo from VitalLife. Perfect for everyday use. Features premium materials and thoughtful design. This music product has been carefully crafted to meet the highest standards of quality and performance.,https://placehold.co/400x400/3b82f6/ffffff?text=Capo,instruments,SKU-MUS-0132,True,4.3,253,2023-02-13T00:00:00.000Z,https://scrapingsandbox.com/product/132,2
133,Professional Car Charger,StyleCraft,Automotive,27.68,33.92,High-quality professional car charger from StyleCraft. Perfect for everyday use. Features premium materials and thoughtful design. This automotive product has been carefully crafted to meet the highest standards of quality and performance.,https://placehold.co/400x400/ef4444/ffffff?text=Car,"travel, safety",SKU-AUT-0133,True,4.3,8,2023-04-13T00:00:00.000Z,https://scrapingsandbox.com/product/133,4
134,Eco-Friendly Sunscreen,AutoParts Pro,Beauty,141.25,185.59,High-quality eco-friendly sunscreen from AutoParts Pro. Perfect for everyday use. Features premium materials and thoughtful design. This beauty product has been carefully crafted to meet the highest standards of quality and performance.,https://placehold.co/400x400/3b82f6/ffffff?text=Sunscreen,organic,SKU-BEA-0134,True,4.6,264,2022-05-26T00:00:00.000Z,https://scrapingsandbox.com/product/134,4
135,Portable Chain,SparkleBox,Jewelry,141.26,,High-quality portable chain from SparkleBox. Perfect for everyday use. Features premium materials and thoughtful design. This jewelry product has been carefully crafted to meet the highest standards of quality and performance.,https://placehold.co/400x400/3b82f6/ffffff?text=Chain,"accessories, luxury, handmade",SKU-JEW-0135,True,4.7,387,2023-05-27T00:00:00.000Z,https://scrapingsandbox.com/product/135,2
136,Advanced Watch,FitPro,Clothing,69.96,,High-quality advanced watch from FitPro. Perfect for everyday use. Features premium materials and thoughtful design. This clothing product has been carefully crafted to meet the highest standards of quality and performance.,https://placehold.co/400x400/f97316/ffffff?text=Watch,"fashion, apparel, casual",SKU-CLO-0136,False,4.3,224,2023-04-20T00:00:00.000Z,https://scrapingsandbox.com/product/136,2
137,Modern Stamp Set,PageTurner,Office Supplies,55.31,,High-quality modern stamp set from PageTurner. Perfect for everyday use. Features premium materials and thoughtful design. This office supplies product has been carefully crafted to meet the highest standards of quality and performance.,https://placehold.co/400x400/f97316/ffffff?text=Stamp,"stationery, desk, organization",SKU-OFF-0137,False,4.4,201,2023-05-16T00:00:00.000Z,https://scrapingsandbox.com/product/137,2
138,Limited Edition Pick Set,MindBooks,Music,10.84,,High-quality limited edition pick set from MindBooks. Perfect for everyday use. Features premium materials and thoughtful design. This music product has been carefully crafted to meet the highest standards of quality and performance.,https://placehold.co/400x400/10b981/ffffff?text=Pick,"accessories, performance",SKU-MUS-0138,True,4.7,41,2022-06-09T00:00:00.000Z,https://scrapingsandbox.com/product/138,2
139,Ultra Slime Kit,GlowUp,Toys,110.41,181.73,High-quality ultra slime kit from GlowUp. Perfect for everyday use. Features premium materials and thoughtful design. This toys product has been carefully crafted to meet the highest standards of quality and performance.,https://placehold.co/400x400/f59e0b/ffffff?text=Slime,kids,SKU-TOY-0139,True,3.9,177,2023-07-04T00:00:00.000Z,https://scrapingsandbox.com/product/139,3
140,Portable Essential Oil,NovaTech,Health,192.76,,High-quality portable essential oil from NovaTech. Perfect for everyday use. Features premium materials and thoughtful design. This health product has been carefully crafted to meet the highest standards of quality and performance.,https://placehold.co/400x400/ef4444/ffffff?text=Essential,"wellness, supplements",SKU-HEA-0140,True,3.5,86,2022-04-13T00:00:00.000Z,https://scrapingsandbox.com/product/140,5
141,Limited Edition Melatonin,GlowUp,Health,127.15,,High-quality limited edition melatonin from GlowUp. Perfect for everyday use. Features premium materials and thoughtful design. This health product has been carefully crafted to meet the highest standards of quality and performance.,https://placehold.co/400x400/ef4444/ffffff?text=Melatonin,"supplements, medical, fitness",SKU-HEA-0141,True,4.9,385,2022-02-24T00:00:00.000Z,https://scrapingsandbox.com/product/141,4
142,Organic Napkin Holder,StyleCraft,Home & Garden,161.36,238.88,High-quality organic napkin holder from StyleCraft. Perfect for everyday use. Features premium materials and thoughtful design. This home & garden product has been carefully crafted to meet the highest standards of quality and performance.,https://placehold.co/400x400/06b6d4/ffffff?text=Napkin,"decor, kitchen, living room",SKU-HOM-0142,False,4.6,26,2022-12-30T00:00:00.000Z,https://scrapingsandbox.com/product/142,4
143,Heavy-Duty Belt,AutoParts Pro,Clothing,150.56,237.1,High-quality heavy-duty belt from AutoParts Pro. Perfect for everyday use. Features premium materials and thoughtful design. This clothing product has been carefully crafted to meet the highest standards of quality and performance.,https://placehold.co/400x400/f97316/ffffff?text=Belt,apparel,SKU-CLO-0143,False,3.3,357,2023-02-26T00:00:00.000Z,https://scrapingsandbox.com/product/143,5
144,Organic Self-Help Guide,HomeNest,Books,67.62,,High-quality organic self-help guide from HomeNest. Perfect for everyday use. Features premium materials and thoughtful design. This books product has been carefully crafted to meet the highest standards of quality and performance.,https://placehold.co/400x400/8b5cf6/ffffff?text=Self-Help,"literature, education",SKU-BOO-0144,True,4.4,310,2023-03-17T00:00:00.000Z,https://scrapingsandbox.com/product/144,2
145,Premium Stamp Set,SparkleBox,Office Supplies,193.49,,High-quality premium stamp set from SparkleBox. Perfect for everyday use. Features premium materials and thoughtful design. This office supplies product has been carefully crafted to meet the highest standards of quality and performance.,https://placehold.co/400x400/10b981/ffffff?text=Stamp,"stationery, desk, school",SKU-OFF-0145,True,4.9,350,2023-06-13T00:00:00.000Z,https://scrapingsandbox.com/product/145,5
146,Vintage Body Chain,CozyCorner,Jewelry,126.03,,High-quality vintage body chain from CozyCorner. Perfect for everyday use. Features premium materials and thoughtful design. This jewelry product has been carefully crafted to meet the highest standards of quality and performance.,https://placehold.co/400x400/3b82f6/ffffff?text=Body,"accessories, handmade, sterling",SKU-JEW-0146,True,5.0,60,2023-04-02T00:00:00.000Z,https://scrapingsandbox.com/product/146,5
147,Deluxe LED Desk Lamp,DeskMate,Electronics,58.45,,High-quality deluxe led desk lamp from DeskMate. Perfect for everyday use. Features premium materials and thoughtful design. This electronics product has been carefully crafted to meet the highest standards of quality and performance.,https://placehold.co/400x400/8b5cf6/ffffff?text=LED,"tech, digital, wireless",SKU-ELE-0147,True,4.7,49,2023-03-29T00:00:00.000Z,https://scrapingsandbox.com/product/147,3
148,Eco-Friendly Yoga Mat,GlowUp,Sports,68.34,105.17,High-quality eco-friendly yoga mat from GlowUp. Perfect for everyday use. Features premium materials and thoughtful design. This sports product has been carefully crafted to meet the highest standards of quality and performance.,https://placehold.co/400x400/f97316/ffffff?text=Yoga,"fitness, workout, outdoor",SKU-SPO-0148,True,4.1,75,2023-09-17T00:00:00.000Z,https://scrapingsandbox.com/product/148,5
149,Handcrafted Building Blocks,GlowUp,Toys,153.64,255.83,High-quality handcrafted building blocks from GlowUp. Perfect for everyday use. Features premium materials and thoughtful design. This toys product has been carefully crafted to meet the highest standards of quality and performance.,https://placehold.co/400x400/10b981/ffffff?text=Building,"games, fun",SKU-TOY-0149,True,4.4,198,2022-04-13T00:00:00.000Z,https://scrapingsandbox.com/product/149,4
150,Professional Tablet Stand,TechVault,Electronics,194.35,,High-quality professional tablet stand from TechVault. Perfect for everyday use. Features premium materials and thoughtful design. This electronics product has been carefully crafted to meet the highest standards of quality and performance.,https://placehold.co/400x400/10b981/ffffff?text=Tablet,"tech, USB",SKU-ELE-0150,False,3.1,450,2022-05-12T00:00:00.000Z,https://scrapingsandbox.com/product/150,2
151,Vintage Beef Jerky,PageTurner,Food & Beverage,120.07,197.95,High-quality vintage beef jerky from PageTurner. Perfect for everyday use. Features premium materials and thoughtful design. This food & beverage product has been carefully crafted to meet the highest standards of quality and performance.,https://placehold.co/400x400/3b82f6/ffffff?text=Beef,"organic, gourmet, artisan",SKU-FOO-0151,True,4.2,294,2023-07-25T00:00:00.000Z,https://scrapingsandbox.com/product/151,3
152,Premium Carving Tools,HomeNest,Art,29.14,38.49,High-quality premium carving tools from HomeNest. Perfect for everyday use. Features premium materials and thoughtful design. This art product has been carefully crafted to meet the highest standards of quality and performance.,https://placehold.co/400x400/6366f1/ffffff?text=Carving,"supplies, drawing, crafts",SKU-ART-0152,True,3.3,197,2023-02-05T00:00:00.000Z,https://scrapingsandbox.com/product/152,4
153,Smart Aquarium Plant,PageTurner,Pet Supplies,38.06,61.1,High-quality smart aquarium plant from PageTurner. Perfect for everyday use. Features premium materials and thoughtful design. This pet supplies product has been carefully crafted to meet the highest standards of quality and performance.,https://placehold.co/400x400/f97316/ffffff?text=Aquarium,"cats, grooming, food",SKU-PET-0153,True,4.7,19,2022-05-09T00:00:00.000Z,https://scrapingsandbox.com/product/153,3
154,Handcrafted Watch,AutoParts Pro,Clothing,53.69,,High-quality handcrafted watch from AutoParts Pro. Perfect for everyday use. Features premium materials and thoughtful design. This clothing product has been carefully crafted to meet the highest standards of quality and performance.,https://placehold.co/400x400/8b5cf6/ffffff?text=Watch,fashion,SKU-CLO-0154,True,4.0,306,2023-04-30T00:00:00.000Z,https://scrapingsandbox.com/product/154,4
155,Vintage Bird Feeder,SoundWave,Pet Supplies,88.67,108.37,High-quality vintage bird feeder from SoundWave. Perfect for everyday use. Features premium materials and thoughtful design. This pet supplies product has been carefully crafted to meet the highest standards of quality and performance.,https://placehold.co/400x400/84cc16/ffffff?text=Bird,grooming,SKU-PET-0155,True,4.8,121,2023-03-19T00:00:00.000Z,https://scrapingsandbox.com/product/155,4
156,Organic Plant Pot,ArtisanHub,Home & Garden,117.02,,High-quality organic plant pot from ArtisanHub. Perfect for everyday use. Features premium materials and thoughtful design. This home & garden product has been carefully crafted to meet the highest standards of quality and performance.,https://placehold.co/400x400/6366f1/ffffff?text=Plant,"kitchen, garden",SKU-HOM-0156,True,3.9,497,2022-04-21T00:00:00.000Z,https://scrapingsandbox.com/product/156,2
157,Eco-Friendly Eye Cream,MindBooks,Beauty,123.02,,High-quality eco-friendly eye cream from MindBooks. Perfect for everyday use. Features premium materials and thoughtful design. This beauty product has been carefully crafted to meet the highest standards of quality and performance.,https://placehold.co/400x400/84cc16/ffffff?text=Eye,"skincare, cosmetics",SKU-BEA-0157,True,3.5,332,2024-01-01T00:00:00.000Z,https://scrapingsandbox.com/product/157,5
158,Smart Boxing Gloves,StyleCraft,Sports,96.53,163.18,High-quality smart boxing gloves from StyleCraft. Perfect for everyday use. Features premium materials and thoughtful design. This sports product has been carefully crafted to meet the highest standards of quality and performance.,https://placehold.co/400x400/f59e0b/ffffff?text=Boxing,"fitness, gym",SKU-SPO-0158,True,3.7,228,2023-05-13T00:00:00.000Z,https://scrapingsandbox.com/product/158,4
159,Portable Tape Dispenser,PawPal,Office Supplies,102.6,,High-quality portable tape dispenser from PawPal. Perfect for everyday use. Features premium materials and thoughtful design. This office supplies product has been carefully crafted to meet the highest standards of quality and performance.,https://placehold.co/400x400/8b5cf6/ffffff?text=Tape,"stationery, work",SKU-OFF-0159,True,4.2,265,2023-02-15T00:00:00.000Z,https://scrapingsandbox.com/product/159,2
160,Classic Nail Polish,SparkleBox,Beauty,112.45,,High-quality classic nail polish from SparkleBox. Perfect for everyday use. Features premium materials and thoughtful design. This beauty product has been carefully crafted to meet the highest standards of quality and performance.,https://placehold.co/400x400/84cc16/ffffff?text=Nail,"cosmetics, organic",SKU-BEA-0160,True,3.0,25,2022-01-03T00:00:00.000Z,https://scrapingsandbox.com/product/160,3
161,Essential Mystery Novel,StyleCraft,Books,153.85,,High-quality essential mystery novel from StyleCraft. Perfect for everyday use. Features premium materials and thoughtful design. This books product has been carefully crafted to meet the highest standards of quality and performance.,https://placehold.co/400x400/f97316/ffffff?text=Mystery,"reading, bestseller",SKU-BOO-0161,True,3.6,41,2023-08-31T00:00:00.000Z,https://scrapingsandbox.com/product/161,4
162,Premium Omega-3 Capsules,GlowUp,Health,201.63,,High-quality premium omega-3 capsules from GlowUp. Perfect for everyday use. Features premium materials and thoughtful design. This health product has been carefully crafted to meet the highest standards of quality and performance.,https://placehold.co/400x400/f97316/ffffff?text=Omega-3,"wellness, supplements, natural",SKU-HEA-0162,False,5.0,278,2022-06-11T00:00:00.000Z,https://scrapingsandbox.com/product/162,2
163,Classic Leash,MindBooks,Pet Supplies,89.34,122.49,High-quality classic leash from MindBooks. Perfect for everyday use. Features premium materials and thoughtful design. This pet supplies product has been carefully crafted to meet the highest standards of quality and performance.,https://placehold.co/400x400/8b5cf6/ffffff?text=Leash,"pets, food",SKU-PET-0163,True,4.1,185,2023-11-24T00:00:00.000Z,https://scrapingsandbox.com/product/163,4
164,Essential Stud Earrings,NovaTech,Jewelry,158.99,229.0,High-quality essential stud earrings from NovaTech. Perfect for everyday use. Features premium materials and thoughtful design. This jewelry product has been carefully crafted to meet the highest standards of quality and performance.,https://placehold.co/400x400/ef4444/ffffff?text=Stud,luxury,SKU-JEW-0164,True,3.5,234,2022-02-21T00:00:00.000Z,https://scrapingsandbox.com/product/164,4
165,Smart Jump Rope,DeskMate,Sports,150.09,,High-quality smart jump rope from DeskMate. Perfect for everyday use. Features premium materials and thoughtful design. This sports product has been carefully crafted to meet the highest standards of quality and performance.,https://placehold.co/400x400/10b981/ffffff?text=Jump,"training, gym",SKU-SPO-0165,True,5.0,257,2023-05-25T00:00:00.000Z,https://scrapingsandbox.com/product/165,4
166,Premium History Book,VitalLife,Books,41.46,,High-quality premium history book from VitalLife. Perfect for everyday use. Features premium materials and thoughtful design. This books product has been carefully crafted to meet the highest standards of quality and performance.,https://placehold.co/400x400/8b5cf6/ffffff?text=History,bestseller,SKU-BOO-0166,True,3.0,31,2023-04-15T00:00:00.000Z,https://scrapingsandbox.com/product/166,4
167,Wireless Vinyl Record,NovaTech,Music,107.79,175.94,High-quality wireless vinyl record from NovaTech. Perfect for everyday use. Features premium materials and thoughtful design. This music product has been carefully crafted to meet the highest standards of quality and performance.,https://placehold.co/400x400/ef4444/ffffff?text=Vinyl,"recording, accessories",SKU-MUS-0167,True,4.1,468,2023-03-18T00:00:00.000Z,https://scrapingsandbox.com/product/167,5
168,Advanced Food Bowl,UrbanThread,Pet Supplies,100.78,,High-quality advanced food bowl from UrbanThread. Perfect for everyday use. Features premium materials and thoughtful design. This pet supplies product has been carefully crafted to meet the highest standards of quality and performance.,https://placehold.co/400x400/10b981/ffffff?text=Food,"dogs, pets, grooming",SKU-PET-0168,True,4.4,41,2022-11-11T00:00:00.000Z,https://scrapingsandbox.com/product/168,2
169,Professional Hoop Earrings,SparkleBox,Jewelry,57.53,,High-quality professional hoop earrings from SparkleBox. Perfect for everyday use. Features premium materials and thoughtful design. This jewelry product has been carefully crafted to meet the highest standards of quality and performance.,https://placehold.co/400x400/3b82f6/ffffff?text=Hoop,"luxury, handmade, sterling",SKU-JEW-0169,True,4.1,274,2022-09-15T00:00:00.000Z,https://scrapingsandbox.com/product/169,5
170,Smart Seat Cover,FitPro,Automotive,48.18,,High-quality smart seat cover from FitPro. Perfect for everyday use. Features premium materials and thoughtful design. This automotive product has been carefully crafted to meet the highest standards of quality and performance.,https://placehold.co/400x400/6366f1/ffffff?text=Seat,"car, accessories, travel",SKU-AUT-0170,True,3.3,205,2022-08-03T00:00:00.000Z,https://scrapingsandbox.com/product/170,4
171,Heavy-Duty Vinyl Record,UrbanThread,Music,68.64,,High-quality heavy-duty vinyl record from UrbanThread. Perfect for everyday use. Features premium materials and thoughtful design. This music product has been carefully crafted to meet the highest standards of quality and performance.,https://placehold.co/400x400/ef4444/ffffff?text=Vinyl,"recording, accessories",SKU-MUS-0171,True,4.7,91,2023-07-23T00:00:00.000Z,https://scrapingsandbox.com/product/171,3
172,Vintage Pull-Up Bar,GlowUp,Sports,202.91,,High-quality vintage pull-up bar from GlowUp. Perfect for everyday use. Features premium materials and thoughtful design. This sports product has been carefully crafted to meet the highest standards of quality and performance.,https://placehold.co/400x400/6366f1/ffffff?text=Pull-Up,"outdoor, training",SKU-SPO-0172,False,4.7,441,2023-06-17T00:00:00.000Z,https://scrapingsandbox.com/product/172,2
173,Portable MIDI Controller,NovaTech,Music,203.13,,High-quality portable midi controller from NovaTech. Perfect for everyday use. Features premium materials and thoughtful design. This music product has been carefully crafted to meet the highest standards of quality and performance.,https://placehold.co/400x400/ec4899/ffffff?text=MIDI,"instruments, recording",SKU-MUS-0173,True,3.1,267,2022-10-31T00:00:00.000Z,https://scrapingsandbox.com/product/173,2
174,Advanced Eye Cream,PageTurner,Beauty,7.7,,High-quality advanced eye cream from PageTurner. Perfect for everyday use. Features premium materials and thoughtful design. This beauty product has been carefully crafted to meet the highest standards of quality and performance.,https://placehold.co/400x400/8b5cf6/ffffff?text=Eye,"skincare, cosmetics, self-care",SKU-BEA-0174,True,4.1,151,2022-11-01T00:00:00.000Z,https://scrapingsandbox.com/product/174,2
175,Modern Planner,ArtisanHub,Books,113.53,,High-quality modern planner from ArtisanHub. Perfect for everyday use. Features premium materials and thoughtful design. This books product has been carefully crafted to meet the highest standards of quality and performance.,https://placehold.co/400x400/f59e0b/ffffff?text=Planner,"reading, bestseller, paperback",SKU-BOO-0175,True,4.9,4,2022-03-15T00:00:00.000Z,https://scrapingsandbox.com/product/175,5
176,Lightweight Chinos,PageTurner,Clothing,18.67,,High-quality lightweight chinos from PageTurner. Perfect for everyday use. Features premium materials and thoughtful design. This clothing product has been carefully crafted to meet the highest standards of quality and performance.,https://placehold.co/400x400/f97316/ffffff?text=Chinos,"fashion, streetwear, casual",SKU-CLO-0176,True,3.4,79,2023-12-07T00:00:00.000Z,https://scrapingsandbox.com/product/176,3
177,Premium Spice Set,GlowUp,Food & Beverage,6.68,10.62,High-quality premium spice set from GlowUp. Perfect for everyday use. Features premium materials and thoughtful design. This food & beverage product has been carefully crafted to meet the highest standards of quality and performance.,https://placehold.co/400x400/f97316/ffffff?text=Spice,"gourmet, snacks, artisan",SKU-FOO-0177,True,3.4,461,2022-02-10T00:00:00.000Z,https://scrapingsandbox.com/product/177,2
178,Handcrafted Phone Mount,ProGear,Automotive,128.07,,High-quality handcrafted phone mount from ProGear. Perfect for everyday use. Features premium materials and thoughtful design. This automotive product has been carefully crafted to meet the highest standards of quality and performance.,https://placehold.co/400x400/ef4444/ffffff?text=Phone,"maintenance, travel",SKU-AUT-0178,True,3.7,405,2023-03-11T00:00:00.000Z,https://scrapingsandbox.com/product/178,4
179,Professional Sun Shade,HomeNest,Automotive,7.31,9.7,High-quality professional sun shade from HomeNest. Perfect for everyday use. Features premium materials and thoughtful design. This automotive product has been carefully crafted to meet the highest standards of quality and performance.,https://placehold.co/400x400/10b981/ffffff?text=Sun,"accessories, maintenance, travel",SKU-AUT-0179,True,4.4,178,2023-12-26T00:00:00.000Z,https://scrapingsandbox.com/product/179,2
180,Eco-Friendly Blood Pressure Monitor,ArtisanHub,Health,83.4,,High-quality eco-friendly blood pressure monitor from ArtisanHub. Perfect for everyday use. Features premium materials and thoughtful design. This health product has been carefully crafted to meet the highest standards of quality and performance.,https://placehold.co/400x400/ef4444/ffffff?text=Blood,"wellness, supplements, fitness",SKU-HEA-0180,False,4.3,165,2023-12-21T00:00:00.000Z,https://scrapingsandbox.com/product/180,4
181,Deluxe Protein Bar,MindBooks,Food & Beverage,120.78,203.44,High-quality deluxe protein bar from MindBooks. Perfect for everyday use. Features premium materials and thoughtful design. This food & beverage product has been carefully crafted to meet the highest standards of quality and performance.,https://placehold.co/400x400/6366f1/ffffff?text=Protein,snacks,SKU-FOO-0181,True,4.7,405,2022-06-15T00:00:00.000Z,https://scrapingsandbox.com/product/181,5
182,Lightweight Notebook,TechVault,Office Supplies,165.84,267.36,High-quality lightweight notebook from TechVault. Perfect for everyday use. Features premium materials and thoughtful design. This office supplies product has been carefully crafted to meet the highest standards of quality and performance.,https://placehold.co/400x400/10b981/ffffff?text=Notebook,"stationery, desk, organization",SKU-OFF-0182,True,3.9,63,2023-05-20T00:00:00.000Z,https://scrapingsandbox.com/product/182,3
183,Modern Binder,MindBooks,Office Supplies,130.68,,High-quality modern binder from MindBooks. Perfect for everyday use. Features premium materials and thoughtful design. This office supplies product has been carefully crafted to meet the highest standards of quality and performance.,https://placehold.co/400x400/f97316/ffffff?text=Binder,"desk, school, work",SKU-OFF-0183,False,3.2,478,2023-02-18T00:00:00.000Z,https://scrapingsandbox.com/product/183,3
184,Advanced Car Charger,DeskMate,Automotive,63.89,,High-quality advanced car charger from DeskMate. Perfect for everyday use. Features premium materials and thoughtful design. This automotive product has been carefully crafted to meet the highest standards of quality and performance.,https://placehold.co/400x400/10b981/ffffff?text=Car,"car, accessories, safety",SKU-AUT-0184,True,4.9,373,2023-09-23T00:00:00.000Z,https://scrapingsandbox.com/product/184,3
185,Portable Napkin Holder,GlowUp,Home & Garden,76.76,121.82,High-quality portable napkin holder from GlowUp. Perfect for everyday use. Features premium materials and thoughtful design. This home & garden product has been carefully crafted to meet the highest standards of quality and performance.,https://placehold.co/400x400/10b981/ffffff?text=Napkin,"kitchen, living room, cozy",SKU-HOM-0185,True,3.2,158,2023-05-16T00:00:00.000Z,https://scrapingsandbox.com/product/185,5
186,Professional Leash,GlowUp,Pet Supplies,119.7,,High-quality professional leash from GlowUp. Perfect for everyday use. Features premium materials and thoughtful design. This pet supplies product has been carefully crafted to meet the highest standards of quality and performance.,https://placehold.co/400x400/ec4899/ffffff?text=Leash,cats,SKU-PET-0186,True,3.0,125,2023-04-10T00:00:00.000Z,https://scrapingsandbox.com/product/186,3
187,Deluxe Ice Scraper,CozyCorner,Automotive,96.31,,High-quality deluxe ice scraper from CozyCorner. Perfect for everyday use. Features premium materials and thoughtful design. This automotive product has been carefully crafted to meet the highest standards of quality and performance.,https://placehold.co/400x400/84cc16/ffffff?text=Ice,"car, accessories",SKU-AUT-0187,True,4.2,125,2023-05-02T00:00:00.000Z,https://scrapingsandbox.com/product/187,5
188,Vintage Label Maker,SoundWave,Office Supplies,131.62,212.46,High-quality vintage label maker from SoundWave. Perfect for everyday use. Features premium materials and thoughtful design. This office supplies product has been carefully crafted to meet the highest standards of quality and performance.,https://placehold.co/400x400/ef4444/ffffff?text=Label,"desk, organization",SKU-OFF-0188,True,4.3,94,2023-09-20T00:00:00.000Z,https://scrapingsandbox.com/product/188,2
189,Eco-Friendly Amp,ArtisanHub,Music,121.82,175.37,High-quality eco-friendly amp from ArtisanHub. Perfect for everyday use. Features premium materials and thoughtful design. This music product has been carefully crafted to meet the highest standards of quality and performance.,https://placehold.co/400x400/ef4444/ffffff?text=Amp,"instruments, audio",SKU-MUS-0189,True,3.8,278,2022-12-12T00:00:00.000Z,https://scrapingsandbox.com/product/189,4
190,Limited Edition Stuffed Animal,DeskMate,Toys,149.56,241.92,High-quality limited edition stuffed animal from DeskMate. Perfect for everyday use. Features premium materials and thoughtful design. This toys product has been carefully crafted to meet the highest standards of quality and performance.,https://placehold.co/400x400/84cc16/ffffff?text=Stuffed,"kids, games, fun",SKU-TOY-0190,True,3.2,494,2023-01-18T00:00:00.000Z,https://scrapingsandbox.com/product/190,4
191,Ultra MIDI Controller,SoundWave,Music,9.88,,High-quality ultra midi controller from SoundWave. Perfect for everyday use. Features premium materials and thoughtful design. This music product has been carefully crafted to meet the highest standards of quality and performance.,https://placehold.co/400x400/f59e0b/ffffff?text=MIDI,"audio, performance",SKU-MUS-0191,True,3.5,228,2022-07-22T00:00:00.000Z,https://scrapingsandbox.com/product/191,5
192,Classic Watch,NovaTech,Clothing,67.38,,High-quality classic watch from NovaTech. Perfect for everyday use. Features premium materials and thoughtful design. This clothing product has been carefully crafted to meet the highest standards of quality and performance.,https://placehold.co/400x400/84cc16/ffffff?text=Watch,"fashion, streetwear, casual",SKU-CLO-0192,True,3.3,459,2022-07-03T00:00:00.000Z,https://scrapingsandbox.com/product/192,2
193,Modern Children's Book,DeskMate,Books,38.62,55.05,High-quality modern children's book from DeskMate. Perfect for everyday use. Features premium materials and thoughtful design. This books product has been carefully crafted to meet the highest standards of quality and performance.,https://placehold.co/400x400/06b6d4/ffffff?text=Children's,"literature, education, bestseller",SKU-BOO-0193,True,4.3,238,2023-08-09T00:00:00.000Z,https://scrapingsandbox.com/product/193,4
194,Smart Eye Cream,TechVault,Beauty,20.01,,High-quality smart eye cream from TechVault. Perfect for everyday use. Features premium materials and thoughtful design. This beauty product has been carefully crafted to meet the highest standards of quality and performance.,https://placehold.co/400x400/8b5cf6/ffffff?text=Eye,self-care,SKU-BEA-0194,False,3.1,126,2023-05-04T00:00:00.000Z,https://scrapingsandbox.com/product/194,3
195,Advanced Spice Set,PawPal,Food & Beverage,27.65,34.29,High-quality advanced spice set from PawPal. Perfect for everyday use. Features premium materials and thoughtful design. This food & beverage product has been carefully crafted to meet the highest standards of quality and performance.,https://placehold.co/400x400/06b6d4/ffffff?text=Spice,"organic, snacks",SKU-FOO-0195,True,3.5,366,2023-07-26T00:00:00.000Z,https://scrapingsandbox.com/product/195,3
196,Portable Stapler,TasteBud,Office Supplies,23.63,,High-quality portable stapler from TasteBud. Perfect for everyday use. Features premium materials and thoughtful design. This office supplies product has been carefully crafted to meet the highest standards of quality and performance.,https://placehold.co/400x400/06b6d4/ffffff?text=Stapler,"desk, organization",SKU-OFF-0196,True,3.6,4,2023-08-27T00:00:00.000Z,https://scrapingsandbox.com/product/196,3
197,Professional Laptop Sleeve,PawPal,Electronics,192.64,283.67,High-quality professional laptop sleeve from PawPal. Perfect for everyday use. Features premium materials and thoughtful design. This electronics product has been carefully crafted to meet the highest standards of quality and performance.,https://placehold.co/400x400/ec4899/ffffff?text=Laptop,tech,SKU-ELE-0197,True,4.4,364,2023-07-29T00:00:00.000Z,https://scrapingsandbox.com/product/197,5
198,Eco-Friendly Binder,DeskMate,Office Supplies,9.44,,High-quality eco-friendly binder from DeskMate. Perfect for everyday use. Features premium materials and thoughtful design. This office supplies product has been carefully crafted to meet the highest standards of quality and performance.,https://placehold.co/400x400/ec4899/ffffff?text=Binder,"stationery, organization, school",SKU-OFF-0198,True,4.9,317,2023-02-12T00:00:00.000Z,https://scrapingsandbox.com/product/198,3
199,Organic Dollhouse,PawPal,Toys,175.94,217.45,High-quality organic dollhouse from PawPal. Perfect for everyday use. Features premium materials and thoughtful design. This toys product has been carefully crafted to meet the highest standards of quality and performance.,https://placehold.co/400x400/10b981/ffffff?text=Dollhouse,"kids, games, fun",SKU-TOY-0199,True,4.8,338,2023-11-28T00:00:00.000Z,https://scrapingsandbox.com/product/199,4
200,Advanced Stencil Set,NovaTech,Art,154.08,,High-quality advanced stencil set from NovaTech. Perfect for everyday use. Features premium materials and thoughtful design. This art product has been carefully crafted to meet the highest standards of quality and performance.,https://placehold.co/400x400/06b6d4/ffffff?text=Stencil,painting,SKU-ART-0200,True,3.7,28,2023-06-15T00:00:00.000Z,https://scrapingsandbox.com/product/200,3
201,Compact Metronome,SparkleBox,Music,160.71,222.84,High-quality compact metronome from SparkleBox. Perfect for everyday use. Features premium materials and thoughtful design. This music product has been carefully crafted to meet the highest standards of quality and performance.,https://placehold.co/400x400/ec4899/ffffff?text=Metronome,"instruments, recording, performance",SKU-MUS-0201,True,3.9,87,2023-07-28T00:00:00.000Z,https://scrapingsandbox.com/product/201,3
202,Modern Plant Pot,PageTurner,Home & Garden,90.89,146.38,High-quality modern plant pot from PageTurner. Perfect for everyday use. Features premium materials and thoughtful design. This home & garden product has been carefully crafted to meet the highest standards of quality and performance.,https://placehold.co/400x400/06b6d4/ffffff?text=Plant,cozy,SKU-HOM-0202,True,3.1,297,2023-11-07T00:00:00.000Z,https://scrapingsandbox.com/product/202,5
203,Smart Screen Protector,NovaTech,Electronics,173.13,,High-quality smart screen protector from NovaTech. Perfect for everyday use. Features premium materials and thoughtful design. This electronics product has been carefully crafted to meet the highest standards of quality and performance.,https://placehold.co/400x400/10b981/ffffff?text=Screen,"tech, wireless",SKU-ELE-0203,True,3.1,433,2023-06-13T00:00:00.000Z,https://scrapingsandbox.com/product/203,3
204,Pro Boom Arm,HomeNest,Music,142.43,,High-quality pro boom arm from HomeNest. Perfect for everyday use. Features premium materials and thoughtful design. This music product has been carefully crafted to meet the highest standards of quality and performance.,https://placehold.co/400x400/f97316/ffffff?text=Boom,"recording, accessories",SKU-MUS-0204,True,3.7,281,2023-06-25T00:00:00.000Z,https://scrapingsandbox.com/product/204,3
205,Modern Phone Case,GlowUp,Electronics,51.34,,High-quality modern phone case from GlowUp. Perfect for everyday use. Features premium materials and thoughtful design. This electronics product has been carefully crafted to meet the highest standards of quality and performance.,https://placehold.co/400x400/f59e0b/ffffff?text=Phone,"tech, digital",SKU-ELE-0205,True,3.5,294,2023-06-05T00:00:00.000Z,https://scrapingsandbox.com/product/205,2
206,Smart Popcorn Pack,ArtisanHub,Food & Beverage,68.14,112.13,High-quality smart popcorn pack from ArtisanHub. Perfect for everyday use. Features premium materials and thoughtful design. This food & beverage product has been carefully crafted to meet the highest standards of quality and performance.,https://placehold.co/400x400/f97316/ffffff?text=Popcorn,"organic, gourmet, snacks",SKU-FOO-0206,True,4.2,203,2022-12-03T00:00:00.000Z,https://scrapingsandbox.com/product/206,4
207,Premium Sunglasses,MindBooks,Clothing,129.25,,High-quality premium sunglasses from MindBooks. Perfect for everyday use. Features premium materials and thoughtful design. This clothing product has been carefully crafted to meet the highest standards of quality and performance.,https://placehold.co/400x400/ec4899/ffffff?text=Sunglasses,"apparel, streetwear, unisex",SKU-CLO-0207,True,3.8,396,2022-02-02T00:00:00.000Z,https://scrapingsandbox.com/product/207,5
208,Pro Belt,PageTurner,Clothing,144.06,,High-quality pro belt from PageTurner. Perfect for everyday use. Features premium materials and thoughtful design. This clothing product has been carefully crafted to meet the highest standards of quality and performance.,https://placehold.co/400x400/84cc16/ffffff?text=Belt,"streetwear, casual",SKU-CLO-0208,True,3.0,218,2023-11-19T00:00:00.000Z,https://scrapingsandbox.com/product/208,2
209,Eco-Friendly Smart Watch,NovaTech,Electronics,168.73,,High-quality eco-friendly smart watch from NovaTech. Perfect for everyday use. Features premium materials and thoughtful design. This electronics product has been carefully crafted to meet the highest standards of quality and performance.,https://placehold.co/400x400/ec4899/ffffff?text=Smart,"gadgets, wireless",SKU-ELE-0209,True,4.1,111,2022-03-17T00:00:00.000Z,https://scrapingsandbox.com/product/209,4
210,Heavy-Duty Sketchbook,TasteBud,Art,74.16,,High-quality heavy-duty sketchbook from TasteBud. Perfect for everyday use. Features premium materials and thoughtful design. This art product has been carefully crafted to meet the highest standards of quality and performance.,https://placehold.co/400x400/06b6d4/ffffff?text=Sketchbook,"drawing, painting, crafts",SKU-ART-0210,True,4.9,262,2023-03-14T00:00:00.000Z,https://scrapingsandbox.com/product/210,5
211,Premium Ankle Weights,PageTurner,Sports,29.2,40.76,High-quality premium ankle weights from PageTurner. Perfect for everyday use. Features premium materials and thoughtful design. This sports product has been carefully crafted to meet the highest standards of quality and performance.,https://placehold.co/400x400/8b5cf6/ffffff?text=Ankle,"fitness, training",SKU-SPO-0211,True,4.6,111,2023-10-18T00:00:00.000Z,https://scrapingsandbox.com/product/211,2
212,Limited Edition Oil Filter,FitPro,Automotive,112.39,,High-quality limited edition oil filter from FitPro. Perfect for everyday use. Features premium materials and thoughtful design. This automotive product has been carefully crafted to meet the highest standards of quality and performance.,https://placehold.co/400x400/ec4899/ffffff?text=Oil,"accessories, maintenance",SKU-AUT-0212,True,3.3,262,2023-01-11T00:00:00.000Z,https://scrapingsandbox.com/product/212,2
213,Premium Charger,TechVault,Electronics,23.65,,High-quality premium charger from TechVault. Perfect for everyday use. Features premium materials and thoughtful design. This electronics product has been carefully crafted to meet the highest standards of quality and performance.,https://placehold.co/400x400/ef4444/ffffff?text=Charger,"tech, digital",SKU-ELE-0213,True,5.0,310,2023-08-24T00:00:00.000Z,https://scrapingsandbox.com/product/213,5
214,Limited Edition Wall Art,NovaTech,Home & Garden,195.03,,High-quality limited edition wall art from NovaTech. Perfect for everyday use. Features premium materials and thoughtful design. This home & garden product has been carefully crafted to meet the highest standards of quality and performance.,https://placehold.co/400x400/06b6d4/ffffff?text=Wall,decor,SKU-HOM-0214,True,3.4,286,2022-03-09T00:00:00.000Z,https://scrapingsandbox.com/product/214,4
215,Portable Hair Pin,PageTurner,Jewelry,5.66,,High-quality portable hair pin from PageTurner. Perfect for everyday use. Features premium materials and thoughtful design. This jewelry product has been carefully crafted to meet the highest standards of quality and performance.,https://placehold.co/400x400/84cc16/ffffff?text=Hair,"accessories, luxury, handmade",SKU-JEW-0215,True,3.0,405,2022-09-01T00:00:00.000Z,https://scrapingsandbox.com/product/215,3
216,Deluxe Laptop Sleeve,NovaTech,Electronics,17.79,26.23,High-quality deluxe laptop sleeve from NovaTech. Perfect for everyday use. Features premium materials and thoughtful design. This electronics product has been carefully crafted to meet the highest standards of quality and performance.,https://placehold.co/400x400/f59e0b/ffffff?text=Laptop,"tech, gadgets, digital",SKU-ELE-0216,True,4.6,392,2022-03-24T00:00:00.000Z,https://scrapingsandbox.com/product/216,2
217,Wireless Journal,CozyCorner,Books,174.01,237.51,High-quality wireless journal from CozyCorner. Perfect for everyday use. Features premium materials and thoughtful design. This books product has been carefully crafted to meet the highest standards of quality and performance.,https://placehold.co/400x400/ef4444/ffffff?text=Journal,"reading, literature, education",SKU-BOO-0217,True,3.5,211,2023-01-23T00:00:00.000Z,https://scrapingsandbox.com/product/217,2
218,Essential Litter Box,UrbanThread,Pet Supplies,86.69,133.18,High-quality essential litter box from UrbanThread. Perfect for everyday use. Features premium materials and thoughtful design. This pet supplies product has been carefully crafted to meet the highest standards of quality and performance.,https://placehold.co/400x400/8b5cf6/ffffff?text=Litter,"pets, grooming",SKU-PET-0218,False,3.4,318,2022-04-21T00:00:00.000Z,https://scrapingsandbox.com/product/218,3
219,Smart Stud Earrings,PageTurner,Jewelry,94.56,,High-quality smart stud earrings from PageTurner. Perfect for everyday use. Features premium materials and thoughtful design. This jewelry product has been carefully crafted to meet the highest standards of quality and performance.,https://placehold.co/400x400/8b5cf6/ffffff?text=Stud,"accessories, sterling",SKU-JEW-0219,True,4.2,217,2022-06-26T00:00:00.000Z,https://scrapingsandbox.com/product/219,4
220,Modern Wiper Blade,NovaTech,Automotive,81.75,121.36,High-quality modern wiper blade from NovaTech. Perfect for everyday use. Features premium materials and thoughtful design. This automotive product has been carefully crafted to meet the highest standards of quality and performance.,https://placehold.co/400x400/10b981/ffffff?text=Wiper,"car, maintenance",SKU-AUT-0220,True,3.8,327,2023-05-11T00:00:00.000Z,https://scrapingsandbox.com/product/220,5
221,Portable Tennis Balls,TasteBud,Sports,51.66,63.05,High-quality portable tennis balls from TasteBud. Perfect for everyday use. Features premium materials and thoughtful design. This sports product has been carefully crafted to meet the highest standards of quality and performance.,https://placehold.co/400x400/8b5cf6/ffffff?text=Tennis,"fitness, outdoor, gym",SKU-SPO-0221,True,3.9,119,2022-09-05T00:00:00.000Z,https://scrapingsandbox.com/product/221,5
222,Organic Jump Starter,CozyCorner,Automotive,204.67,252.45,High-quality organic jump starter from CozyCorner. Perfect for everyday use. Features premium materials and thoughtful design. This automotive product has been carefully crafted to meet the highest standards of quality and performance.,https://placehold.co/400x400/ec4899/ffffff?text=Jump,"accessories, maintenance, travel",SKU-AUT-0222,True,4.9,166,2022-01-26T00:00:00.000Z,https://scrapingsandbox.com/product/222,4
223,Heavy-Duty Ruler,DeskMate,Office Supplies,37.37,,High-quality heavy-duty ruler from DeskMate. Perfect for everyday use. Features premium materials and thoughtful design. This office supplies product has been carefully crafted to meet the highest standards of quality and performance.,https://placehold.co/400x400/f97316/ffffff?text=Ruler,"stationery, organization",SKU-OFF-0223,True,4.4,418,2023-10-04T00:00:00.000Z,https://scrapingsandbox.com/product/223,5
224,Ultra Face Mask,SoundWave,Beauty,171.32,254.77,High-quality ultra face mask from SoundWave. Perfect for everyday use. Features premium materials and thoughtful design. This beauty product has been carefully crafted to meet the highest standards of quality and performance.,https://placehold.co/400x400/ec4899/ffffff?text=Face,"self-care, organic, vegan",SKU-BEA-0224,True,4.1,95,2023-12-03T00:00:00.000Z,https://scrapingsandbox.com/product/224,5
225,Organic Stapler,SoundWave,Office Supplies,70.78,,High-quality organic stapler from SoundWave. Perfect for everyday use. Features premium materials and thoughtful design. This office supplies product has been carefully crafted to meet the highest standards of quality and performance.,https://placehold.co/400x400/84cc16/ffffff?text=Stapler,"desk, organization, school",SKU-OFF-0225,True,3.9,369,2023-12-31T00:00:00.000Z,https://scrapingsandbox.com/product/225,4
226,Pro Desk Organizer,SoundWave,Office Supplies,101.0,143.79,High-quality pro desk organizer from SoundWave. Perfect for everyday use. Features premium materials and thoughtful design. This office supplies product has been carefully crafted to meet the highest standards of quality and performance.,https://placehold.co/400x400/8b5cf6/ffffff?text=Desk,"desk, organization, school",SKU-OFF-0226,True,4.2,87,2022-01-23T00:00:00.000Z,https://scrapingsandbox.com/product/226,3
227,Wireless Steering Wheel Cover,ProGear,Automotive,156.47,,High-quality wireless steering wheel cover from ProGear. Perfect for everyday use. Features premium materials and thoughtful design. This automotive product has been carefully crafted to meet the highest standards of quality and performance.,https://placehold.co/400x400/f97316/ffffff?text=Steering,travel,SKU-AUT-0227,True,4.6,405,2022-05-06T00:00:00.000Z,https://scrapingsandbox.com/product/227,5
228,Heavy-Duty Science Book,TasteBud,Books,178.14,,High-quality heavy-duty science book from TasteBud. Perfect for everyday use. Features premium materials and thoughtful design. This books product has been carefully crafted to meet the highest standards of quality and performance.,https://placehold.co/400x400/84cc16/ffffff?text=Science,"reading, education, bestseller",SKU-BOO-0228,True,3.7,333,2023-04-24T00:00:00.000Z,https://scrapingsandbox.com/product/228,5
229,Vintage Sweatband,NovaTech,Sports,114.5,153.94,High-quality vintage sweatband from NovaTech. Perfect for everyday use. Features premium materials and thoughtful design. This sports product has been carefully crafted to meet the highest standards of quality and performance.,https://placehold.co/400x400/f59e0b/ffffff?text=Sweatband,"fitness, workout, outdoor",SKU-SPO-0229,True,5.0,360,2023-05-26T00:00:00.000Z,https://scrapingsandbox.com/product/229,2
230,Advanced Energy Drink,ArtisanHub,Food & Beverage,54.89,,High-quality advanced energy drink from ArtisanHub. Perfect for everyday use. Features premium materials and thoughtful design. This food & beverage product has been carefully crafted to meet the highest standards of quality and performance.,https://placehold.co/400x400/ec4899/ffffff?text=Energy,"organic, snacks, drinks",SKU-FOO-0230,True,4.8,97,2023-03-19T00:00:00.000Z,https://scrapingsandbox.com/product/230,4
231,Essential Speaker Cable,CozyCorner,Music,70.57,,High-quality essential speaker cable from CozyCorner. Perfect for everyday use. Features premium materials and thoughtful design. This music product has been carefully crafted to meet the highest standards of quality and performance.,https://placehold.co/400x400/f97316/ffffff?text=Speaker,"audio, recording, accessories",SKU-MUS-0231,True,3.4,123,2023-08-02T00:00:00.000Z,https://scrapingsandbox.com/product/231,2
232,Classic Joggers,TechVault,Clothing,204.86,294.12,High-quality classic joggers from TechVault. Perfect for everyday use. Features premium materials and thoughtful design. This clothing product has been carefully crafted to meet the highest standards of quality and performance.,https://placehold.co/400x400/ef4444/ffffff?text=Joggers,"apparel, streetwear",SKU-CLO-0232,True,4.6,27,2023-03-15T00:00:00.000Z,https://scrapingsandbox.com/product/232,4
233,Classic Water Bottle,HomeNest,Sports,106.03,,High-quality classic water bottle from HomeNest. Perfect for everyday use. Features premium materials and thoughtful design. This sports product has been carefully crafted to meet the highest standards of quality and performance.,https://placehold.co/400x400/f97316/ffffff?text=Water,"fitness, training, gym",SKU-SPO-0233,True,4.9,297,2023-11-04T00:00:00.000Z,https://scrapingsandbox.com/product/233,2
234,Wireless Coloring Book,TechVault,Books,7.36,9.0,High-quality wireless coloring book from TechVault. Perfect for everyday use. Features premium materials and thoughtful design. This books product has been carefully crafted to meet the highest standards of quality and performance.,https://placehold.co/400x400/ec4899/ffffff?text=Coloring,reading,SKU-BOO-0234,True,4.4,295,2023-11-10T00:00:00.000Z,https://scrapingsandbox.com/product/234,3
235,Deluxe Pencil Set,VitalLife,Art,168.21,,High-quality deluxe pencil set from VitalLife. Perfect for everyday use. Features premium materials and thoughtful design. This art product has been carefully crafted to meet the highest standards of quality and performance.,https://placehold.co/400x400/06b6d4/ffffff?text=Pencil,"creative, crafts",SKU-ART-0235,True,3.0,434,2022-08-02T00:00:00.000Z,https://scrapingsandbox.com/product/235,3
236,Handcrafted Joggers,DeskMate,Clothing,117.83,,High-quality handcrafted joggers from DeskMate. Perfect for everyday use. Features premium materials and thoughtful design. This clothing product has been carefully crafted to meet the highest standards of quality and performance.,https://placehold.co/400x400/06b6d4/ffffff?text=Joggers,"apparel, unisex",SKU-CLO-0236,True,3.9,445,2022-04-11T00:00:00.000Z,https://scrapingsandbox.com/product/236,4
237,Classic Makeup Brush Set,SparkleBox,Beauty,149.46,213.87,High-quality classic makeup brush set from SparkleBox. Perfect for everyday use. Features premium materials and thoughtful design. This beauty product has been carefully crafted to meet the highest standards of quality and performance.,https://placehold.co/400x400/06b6d4/ffffff?text=Makeup,"skincare, cosmetics, self-care",SKU-BEA-0237,True,4.5,444,2022-07-19T00:00:00.000Z,https://scrapingsandbox.com/product/237,3
238,Wireless Audio Cable,NovaTech,Music,75.81,,High-quality wireless audio cable from NovaTech. Perfect for everyday use. Features premium materials and thoughtful design. This music product has been carefully crafted to meet the highest standards of quality and performance.,https://placehold.co/400x400/3b82f6/ffffff?text=Audio,"recording, performance",SKU-MUS-0238,True,3.1,213,2023-01-29T00:00:00.000Z,https://scrapingsandbox.com/product/238,3
239,Smart Mouse Pad,TasteBud,Electronics,21.44,,High-quality smart mouse pad from TasteBud. Perfect for everyday use. Features premium materials and thoughtful design. This electronics product has been carefully crafted to meet the highest standards of quality and performance.,https://placehold.co/400x400/06b6d4/ffffff?text=Mouse,"tech, gadgets, wireless",SKU-ELE-0239,True,4.0,404,2023-02-21T00:00:00.000Z,https://scrapingsandbox.com/product/239,2
240,Wireless Chain,SoundWave,Jewelry,95.83,,High-quality wireless chain from SoundWave. Perfect for everyday use. Features premium materials and thoughtful design. This jewelry product has been carefully crafted to meet the highest standards of quality and performance.,https://placehold.co/400x400/84cc16/ffffff?text=Chain,"accessories, handmade, sterling",SKU-JEW-0240,True,3.2,490,2022-02-26T00:00:00.000Z,https://scrapingsandbox.com/product/240,5
241,Lightweight Planner,AutoParts Pro,Books,111.17,,High-quality lightweight planner from AutoParts Pro. Perfect for everyday use. Features premium materials and thoughtful design. This books product has been carefully crafted to meet the highest standards of quality and performance.,https://placehold.co/400x400/f97316/ffffff?text=Planner,"reading, literature, bestseller",SKU-BOO-0241,True,4.1,144,2023-04-03T00:00:00.000Z,https://scrapingsandbox.com/product/241,3
242,Lightweight Storage Basket,CozyCorner,Home & Garden,174.65,,High-quality lightweight storage basket from CozyCorner. Perfect for everyday use. Features premium materials and thoughtful design. This home & garden product has been carefully crafted to meet the highest standards of quality and performance.,https://placehold.co/400x400/3b82f6/ffffff?text=Storage,"decor, cozy",SKU-HOM-0242,True,4.5,289,2022-12-11T00:00:00.000Z,https://scrapingsandbox.com/product/242,3
243,Pro Spice Rack,TechVault,Home & Garden,184.66,251.55,High-quality pro spice rack from TechVault. Perfect for everyday use. Features premium materials and thoughtful design. This home & garden product has been carefully crafted to meet the highest standards of quality and performance.,https://placehold.co/400x400/6366f1/ffffff?text=Spice,"kitchen, living room, garden",SKU-HOM-0243,True,4.2,182,2022-12-27T00:00:00.000Z,https://scrapingsandbox.com/product/243,2
244,Deluxe Bath Bomb,DeskMate,Beauty,79.62,,High-quality deluxe bath bomb from DeskMate. Perfect for everyday use. Features premium materials and thoughtful design. This beauty product has been carefully crafted to meet the highest standards of quality and performance.,https://placehold.co/400x400/3b82f6/ffffff?text=Bath,"skincare, cosmetics, self-care",SKU-BEA-0244,True,4.0,347,2022-05-02T00:00:00.000Z,https://scrapingsandbox.com/product/244,3
245,Advanced Scarf,AutoParts Pro,Clothing,79.61,,High-quality advanced scarf from AutoParts Pro. Perfect for everyday use. Features premium materials and thoughtful design. This clothing product has been carefully crafted to meet the highest standards of quality and performance.,https://placehold.co/400x400/6366f1/ffffff?text=Scarf,"fashion, apparel, streetwear",SKU-CLO-0245,True,3.8,204,2022-04-28T00:00:00.000Z,https://scrapingsandbox.com/product/245,2
246,Portable Popcorn Pack,ArtisanHub,Food & Beverage,75.79,119.88,High-quality portable popcorn pack from ArtisanHub. Perfect for everyday use. Features premium materials and thoughtful design. This food & beverage product has been carefully crafted to meet the highest standards of quality and performance.,https://placehold.co/400x400/10b981/ffffff?text=Popcorn,"gourmet, snacks",SKU-FOO-0246,True,4.3,15,2023-09-27T00:00:00.000Z,https://scrapingsandbox.com/product/246,3
247,Professional HDMI Cable,FitPro,Electronics,27.06,,High-quality professional hdmi cable from FitPro. Perfect for everyday use. Features premium materials and thoughtful design. This electronics product has been carefully crafted to meet the highest standards of quality and performance.,https://placehold.co/400x400/84cc16/ffffff?text=HDMI,"digital, wireless, USB",SKU-ELE-0247,True,4.8,423,2023-09-30T00:00:00.000Z,https://scrapingsandbox.com/product/247,2
248,Organic Toe Ring,MindBooks,Jewelry,201.23,,High-quality organic toe ring from MindBooks. Perfect for everyday use. Features premium materials and thoughtful design. This jewelry product has been carefully crafted to meet the highest standards of quality and performance.,https://placehold.co/400x400/f59e0b/ffffff?text=Toe,fashion,SKU-JEW-0248,True,4.4,186,2022-01-04T00:00:00.000Z,https://scrapingsandbox.com/product/248,4
249,Pro Guitar Strings,TasteBud,Music,149.41,180.25,High-quality pro guitar strings from TasteBud. Perfect for everyday use. Features premium materials and thoughtful design. This music product has been carefully crafted to meet the highest standards of quality and performance.,https://placehold.co/400x400/ec4899/ffffff?text=Guitar,"instruments, recording",SKU-MUS-0249,True,4.7,286,2022-10-23T00:00:00.000Z,https://scrapingsandbox.com/product/249,5
250,Essential Sweatband,PageTurner,Sports,173.68,,High-quality essential sweatband from PageTurner. Perfect for everyday use. Features premium materials and thoughtful design. This sports product has been carefully crafted to meet the highest standards of quality and performance.,https://placehold.co/400x400/8b5cf6/ffffff?text=Sweatband,"outdoor, training",SKU-SPO-0250,True,4.6,280,2023-03-27T00:00:00.000Z,https://scrapingsandbox.com/product/250,1
251,Modern Pet Bed,TasteBud,Pet Supplies,76.46,,High-quality modern pet bed from TasteBud. Perfect for everyday use. Features premium materials and thoughtful design. This pet supplies product has been carefully crafted to meet the highest standards of quality and performance.,https://placehold.co/400x400/8b5cf6/ffffff?text=Pet,food,SKU-PET-0251,True,3.7,448,2023-05-27T00:00:00.000Z,https://scrapingsandbox.com/product/251,2
252,Lightweight Napkin Holder,DeskMate,Home & Garden,124.68,,High-quality lightweight napkin holder from DeskMate. Perfect for everyday use. Features premium materials and thoughtful design. This home & garden product has been carefully crafted to meet the highest standards of quality and performance.,https://placehold.co/400x400/8b5cf6/ffffff?text=Napkin,"living room, cozy",SKU-HOM-0252,True,4.0,250,2022-05-10T00:00:00.000Z,https://scrapingsandbox.com/product/252,4
253,Eco-Friendly Resistance Bands,TechVault,Sports,60.21,81.52,High-quality eco-friendly resistance bands from TechVault. Perfect for everyday use. Features premium materials and thoughtful design. This sports product has been carefully crafted to meet the highest standards of quality and performance.,https://placehold.co/400x400/10b981/ffffff?text=Resistance,workout,SKU-SPO-0253,True,3.8,232,2022-04-30T00:00:00.000Z,https://scrapingsandbox.com/product/253,4
254,Modern Brooch,PageTurner,Jewelry,23.37,,High-quality modern brooch from PageTurner. Perfect for everyday use. Features premium materials and thoughtful design. This jewelry product has been carefully crafted to meet the highest standards of quality and performance.,https://placehold.co/400x400/8b5cf6/ffffff?text=Brooch,"luxury, fashion",SKU-JEW-0254,True,3.3,261,2023-04-26T00:00:00.000Z,https://scrapingsandbox.com/product/254,4
255,Premium Ring Light,ArtisanHub,Electronics,40.46,,High-quality premium ring light from ArtisanHub. Perfect for everyday use. Features premium materials and thoughtful design. This electronics product has been carefully crafted to meet the highest standards of quality and performance.,https://placehold.co/400x400/6366f1/ffffff?text=Ring,"digital, wireless",SKU-ELE-0255,False,3.3,138,2023-11-30T00:00:00.000Z,https://scrapingsandbox.com/product/255,4
256,Essential Fish Tank Filter,ProGear,Pet Supplies,84.36,,High-quality essential fish tank filter from ProGear. Perfect for everyday use. Features premium materials and thoughtful design. This pet supplies product has been carefully crafted to meet the highest standards of quality and performance.,https://placehold.co/400x400/3b82f6/ffffff?text=Fish,"dogs, grooming",SKU-PET-0256,True,4.8,129,2022-05-14T00:00:00.000Z,https://scrapingsandbox.com/product/256,3
257,Heavy-Duty Brush Kit,ArtisanHub,Art,86.42,115.88,High-quality heavy-duty brush kit from ArtisanHub. Perfect for everyday use. Features premium materials and thoughtful design. This art product has been carefully crafted to meet the highest standards of quality and performance.,https://placehold.co/400x400/84cc16/ffffff?text=Brush,"supplies, creative, painting",SKU-ART-0257,True,3.8,60,2023-05-28T00:00:00.000Z,https://scrapingsandbox.com/product/257,3
258,Compact Throw Pillow,SoundWave,Home & Garden,194.24,,High-quality compact throw pillow from SoundWave. Perfect for everyday use. Features premium materials and thoughtful design. This home & garden product has been carefully crafted to meet the highest standards of quality and performance.,https://placehold.co/400x400/6366f1/ffffff?text=Throw,"decor, kitchen, living room",SKU-HOM-0258,True,3.8,67,2022-04-04T00:00:00.000Z,https://scrapingsandbox.com/product/258,2
259,Heavy-Duty Trunk Organizer,UrbanThread,Automotive,159.86,,High-quality heavy-duty trunk organizer from UrbanThread. Perfect for everyday use. Features premium materials and thoughtful design. This automotive product has been carefully crafted to meet the highest standards of quality and performance.,https://placehold.co/400x400/8b5cf6/ffffff?text=Trunk,"travel, safety",SKU-AUT-0259,False,3.5,277,2024-01-01T00:00:00.000Z,https://scrapingsandbox.com/product/259,4
260,Eco-Friendly Body Chain,ArtisanHub,Jewelry,68.39,,High-quality eco-friendly body chain from ArtisanHub. Perfect for everyday use. Features premium materials and thoughtful design. This jewelry product has been carefully crafted to meet the highest standards of quality and performance.,https://placehold.co/400x400/10b981/ffffff?text=Body,"accessories, luxury, fashion",SKU-JEW-0260,True,3.3,210,2023-08-08T00:00:00.000Z,https://scrapingsandbox.com/product/260,2
261,Pro Grooming Brush,StyleCraft,Pet Supplies,77.92,,High-quality pro grooming brush from StyleCraft. Perfect for everyday use. Features premium materials and thoughtful design. This pet supplies product has been carefully crafted to meet the highest standards of quality and performance.,https://placehold.co/400x400/ef4444/ffffff?text=Grooming,dogs,SKU-PET-0261,True,5.0,220,2023-02-07T00:00:00.000Z,https://scrapingsandbox.com/product/261,5
262,Smart Storage Basket,PageTurner,Home & Garden,146.35,196.71,High-quality smart storage basket from PageTurner. Perfect for everyday use. Features premium materials and thoughtful design. This home & garden product has been carefully crafted to meet the highest standards of quality and performance.,https://placehold.co/400x400/06b6d4/ffffff?text=Storage,"decor, kitchen, cozy",SKU-HOM-0262,False,4.1,174,2022-05-14T00:00:00.000Z,https://scrapingsandbox.com/product/262,3
263,Advanced Olive Oil,TasteBud,Food & Beverage,198.79,,High-quality advanced olive oil from TasteBud. Perfect for everyday use. Features premium materials and thoughtful design. This food & beverage product has been carefully crafted to meet the highest standards of quality and performance.,https://placehold.co/400x400/8b5cf6/ffffff?text=Olive,"gourmet, drinks",SKU-FOO-0263,True,3.4,113,2023-06-08T00:00:00.000Z,https://scrapingsandbox.com/product/263,4
264,Professional Stuffed Animal,DeskMate,Toys,166.62,,High-quality professional stuffed animal from DeskMate. Perfect for everyday use. Features premium materials and thoughtful design. This toys product has been carefully crafted to meet the highest standards of quality and performance.,https://placehold.co/400x400/3b82f6/ffffff?text=Stuffed,"kids, creative",SKU-TOY-0264,False,4.5,278,2023-12-15T00:00:00.000Z,https://scrapingsandbox.com/product/264,5
265,Organic Gaming Mouse,MindBooks,Electronics,28.78,46.85,High-quality organic gaming mouse from MindBooks. Perfect for everyday use. Features premium materials and thoughtful design. This electronics product has been carefully crafted to meet the highest standards of quality and performance.,https://placehold.co/400x400/8b5cf6/ffffff?text=Gaming,"gadgets, wireless",SKU-ELE-0265,True,3.5,312,2022-02-25T00:00:00.000Z,https://scrapingsandbox.com/product/265,3
266,Essential LED Desk Lamp,TechVault,Electronics,156.21,256.54,High-quality essential led desk lamp from TechVault. Perfect for everyday use. Features premium materials and thoughtful design. This electronics product has been carefully crafted to meet the highest standards of quality and performance.,https://placehold.co/400x400/3b82f6/ffffff?text=LED,"gadgets, wireless, USB",SKU-ELE-0266,True,3.3,91,2023-01-27T00:00:00.000Z,https://scrapingsandbox.com/product/266,4
267,Classic Graphic Novel,PageTurner,Books,112.38,,High-quality classic graphic novel from PageTurner. Perfect for everyday use. Features premium materials and thoughtful design. This books product has been carefully crafted to meet the highest standards of quality and performance.,https://placehold.co/400x400/84cc16/ffffff?text=Graphic,"literature, paperback",SKU-BOO-0267,True,4.9,80,2022-03-16T00:00:00.000Z,https://scrapingsandbox.com/product/267,3
268,Modern Omega-3 Capsules,PageTurner,Health,13.4,,High-quality modern omega-3 capsules from PageTurner. Perfect for everyday use. Features premium materials and thoughtful design. This health product has been carefully crafted to meet the highest standards of quality and performance.,https://placehold.co/400x400/f97316/ffffff?text=Omega-3,"wellness, natural",SKU-HEA-0268,True,4.4,209,2023-07-15T00:00:00.000Z,https://scrapingsandbox.com/product/268,3
269,Handcrafted Compression Sleeve,StyleCraft,Health,154.03,,High-quality handcrafted compression sleeve from StyleCraft. Perfect for everyday use. Features premium materials and thoughtful design. This health product has been carefully crafted to meet the highest standards of quality and performance.,https://placehold.co/400x400/3b82f6/ffffff?text=Compression,"medical, natural, fitness",SKU-HEA-0269,True,4.9,321,2023-11-21T00:00:00.000Z,https://scrapingsandbox.com/product/269,5
270,Lightweight Dog Treat,PageTurner,Pet Supplies,160.82,,High-quality lightweight dog treat from PageTurner. Perfect for everyday use. Features premium materials and thoughtful design. This pet supplies product has been carefully crafted to meet the highest standards of quality and performance.,https://placehold.co/400x400/ec4899/ffffff?text=Dog,"cats, pets, food",SKU-PET-0270,True,4.4,37,2022-08-26T00:00:00.000Z,https://scrapingsandbox.com/product/270,4
271,Portable Puzzle Set,HomeNest,Toys,83.15,122.04,High-quality portable puzzle set from HomeNest. Perfect for everyday use. Features premium materials and thoughtful design. This toys product has been carefully crafted to meet the highest standards of quality and performance.,https://placehold.co/400x400/ef4444/ffffff?text=Puzzle,"games, fun, educational",SKU-TOY-0271,True,3.0,494,2023-01-07T00:00:00.000Z,https://scrapingsandbox.com/product/271,3
272,Compact Travel Guide,PlayZone,Books,19.33,,High-quality compact travel guide from PlayZone. Perfect for everyday use. Features premium materials and thoughtful design. This books product has been carefully crafted to meet the highest standards of quality and performance.,https://placehold.co/400x400/06b6d4/ffffff?text=Travel,"reading, literature, bestseller",SKU-BOO-0272,True,5.0,319,2023-12-02T00:00:00.000Z,https://scrapingsandbox.com/product/272,4
273,Portable Fitness Tracker,FitPro,Sports,147.65,,High-quality portable fitness tracker from FitPro. Perfect for everyday use. Features premium materials and thoughtful design. This sports product has been carefully crafted to meet the highest standards of quality and performance.,https://placehold.co/400x400/8b5cf6/ffffff?text=Fitness,"workout, outdoor, gym",SKU-SPO-0273,True,3.3,391,2022-06-30T00:00:00.000Z,https://scrapingsandbox.com/product/273,4
274,Smart Lip Balm,PawPal,Beauty,117.61,175.51,High-quality smart lip balm from PawPal. Perfect for everyday use. Features premium materials and thoughtful design. This beauty product has been carefully crafted to meet the highest standards of quality and performance.,https://placehold.co/400x400/f59e0b/ffffff?text=Lip,"cosmetics, self-care",SKU-BEA-0274,True,3.1,483,2023-08-22T00:00:00.000Z,https://scrapingsandbox.com/product/274,2
275,Ultra Play Dough,PlayZone,Toys,60.0,77.52,High-quality ultra play dough from PlayZone. Perfect for everyday use. Features premium materials and thoughtful design. This toys product has been carefully crafted to meet the highest standards of quality and performance.,https://placehold.co/400x400/6366f1/ffffff?text=Play,games,SKU-TOY-0275,False,4.7,47,2022-04-09T00:00:00.000Z,https://scrapingsandbox.com/product/275,2
276,Portable Whiteboard,HomeNest,Office Supplies,100.95,,High-quality portable whiteboard from HomeNest. Perfect for everyday use. Features premium materials and thoughtful design. This office supplies product has been carefully crafted to meet the highest standards of quality and performance.,https://placehold.co/400x400/10b981/ffffff?text=Whiteboard,"organization, school, work",SKU-OFF-0276,False,4.3,362,2022-05-15T00:00:00.000Z,https://scrapingsandbox.com/product/276,4
277,Pro Silver Necklace,TasteBud,Jewelry,169.56,278.23,High-quality pro silver necklace from TasteBud. Perfect for everyday use. Features premium materials and thoughtful design. This jewelry product has been carefully crafted to meet the highest standards of quality and performance.,https://placehold.co/400x400/06b6d4/ffffff?text=Silver,"handmade, fashion",SKU-JEW-0277,True,4.6,24,2022-05-06T00:00:00.000Z,https://scrapingsandbox.com/product/277,2
278,Portable Throw Pillow,HomeNest,Home & Garden,62.55,,High-quality portable throw pillow from HomeNest. Perfect for everyday use. Features premium materials and thoughtful design. This home & garden product has been carefully crafted to meet the highest standards of quality and performance.,https://placehold.co/400x400/06b6d4/ffffff?text=Throw,"living room, cozy",SKU-HOM-0278,True,4.2,279,2023-01-23T00:00:00.000Z,https://scrapingsandbox.com/product/278,4
279,Portable Compression Socks,StyleCraft,Sports,21.34,,High-quality portable compression socks from StyleCraft. Perfect for everyday use. Features premium materials and thoughtful design. This sports product has been carefully crafted to meet the highest standards of quality and performance.,https://placehold.co/400x400/10b981/ffffff?text=Compression,outdoor,SKU-SPO-0279,True,4.8,12,2023-10-24T00:00:00.000Z,https://scrapingsandbox.com/product/279,3
280,Advanced Amp,PageTurner,Music,179.11,228.56,High-quality advanced amp from PageTurner. Perfect for everyday use. Features premium materials and thoughtful design. This music product has been carefully crafted to meet the highest standards of quality and performance.,https://placehold.co/400x400/3b82f6/ffffff?text=Amp,"audio, recording, accessories",SKU-MUS-0280,True,4.9,471,2022-03-10T00:00:00.000Z,https://scrapingsandbox.com/product/280,3
281,Organic Toner,PawPal,Beauty,33.68,,High-quality organic toner from PawPal. Perfect for everyday use. Features premium materials and thoughtful design. This beauty product has been carefully crafted to meet the highest standards of quality and performance.,https://placehold.co/400x400/84cc16/ffffff?text=Toner,"skincare, cosmetics, organic",SKU-BEA-0281,True,4.0,425,2023-04-23T00:00:00.000Z,https://scrapingsandbox.com/product/281,5
282,Vintage Melatonin,SoundWave,Health,72.06,,High-quality vintage melatonin from SoundWave. Perfect for everyday use. Features premium materials and thoughtful design. This health product has been carefully crafted to meet the highest standards of quality and performance.,https://placehold.co/400x400/ef4444/ffffff?text=Melatonin,"supplements, medical, fitness",SKU-HEA-0282,True,3.7,489,2023-08-16T00:00:00.000Z,https://scrapingsandbox.com/product/282,4
283,Organic Snack Box,GlowUp,Food & Beverage,121.79,171.6,High-quality organic snack box from GlowUp. Perfect for everyday use. Features premium materials and thoughtful design. This food & beverage product has been carefully crafted to meet the highest standards of quality and performance.,https://placehold.co/400x400/8b5cf6/ffffff?text=Snack,"organic, gourmet, snacks",SKU-FOO-0283,True,3.8,36,2022-07-15T00:00:00.000Z,https://scrapingsandbox.com/product/283,5
284,Classic Snack Box,DeskMate,Food & Beverage,55.44,,High-quality classic snack box from DeskMate. Perfect for everyday use. Features premium materials and thoughtful design. This food & beverage product has been carefully crafted to meet the highest standards of quality and performance.,https://placehold.co/400x400/8b5cf6/ffffff?text=Snack,"organic, gourmet, snacks",SKU-FOO-0284,True,4.8,7,2022-04-05T00:00:00.000Z,https://scrapingsandbox.com/product/284,3
285,Heavy-Duty Microphone,ProGear,Electronics,9.7,13.34,High-quality heavy-duty microphone from ProGear. Perfect for everyday use. Features premium materials and thoughtful design. This electronics product has been carefully crafted to meet the highest standards of quality and performance.,https://placehold.co/400x400/8b5cf6/ffffff?text=Microphone,"tech, gadgets, digital",SKU-ELE-0285,True,3.3,3,2022-09-09T00:00:00.000Z,https://scrapingsandbox.com/product/285,3
286,Wireless Jam Collection,SparkleBox,Food & Beverage,107.47,,High-quality wireless jam collection from SparkleBox. Perfect for everyday use. Features premium materials and thoughtful design. This food & beverage product has been carefully crafted to meet the highest standards of quality and performance.,https://placehold.co/400x400/3b82f6/ffffff?text=Jam,"organic, gourmet",SKU-FOO-0286,False,4.3,165,2023-09-23T00:00:00.000Z,https://scrapingsandbox.com/product/286,3
287,Essential Dried Fruit,AutoParts Pro,Food & Beverage,16.27,,High-quality essential dried fruit from AutoParts Pro. Perfect for everyday use. Features premium materials and thoughtful design. This food & beverage product has been carefully crafted to meet the highest standards of quality and performance.,https://placehold.co/400x400/6366f1/ffffff?text=Dried,"gourmet, snacks, drinks",SKU-FOO-0287,True,3.7,96,2023-05-25T00:00:00.000Z,https://scrapingsandbox.com/product/287,3
288,Advanced Flea Collar,NovaTech,Pet Supplies,192.71,,High-quality advanced flea collar from NovaTech. Perfect for everyday use. Features premium materials and thoughtful design. This pet supplies product has been carefully crafted to meet the highest standards of quality and performance.,https://placehold.co/400x400/f97316/ffffff?text=Flea,"dogs, cats",SKU-PET-0288,True,4.0,225,2022-10-21T00:00:00.000Z,https://scrapingsandbox.com/product/288,3
289,Portable Mechanical Keyboard,NovaTech,Electronics,58.98,82.56,High-quality portable mechanical keyboard from NovaTech. Perfect for everyday use. Features premium materials and thoughtful design. This electronics product has been carefully crafted to meet the highest standards of quality and performance.,https://placehold.co/400x400/8b5cf6/ffffff?text=Mechanical,"gadgets, wireless",SKU-ELE-0289,True,4.5,233,2023-08-04T00:00:00.000Z,https://scrapingsandbox.com/product/289,4
290,Deluxe Pasta Set,UrbanThread,Food & Beverage,74.26,,High-quality deluxe pasta set from UrbanThread. Perfect for everyday use. Features premium materials and thoughtful design. This food & beverage product has been carefully crafted to meet the highest standards of quality and performance.,https://placehold.co/400x400/06b6d4/ffffff?text=Pasta,"organic, snacks, drinks",SKU-FOO-0290,True,3.3,47,2022-08-14T00:00:00.000Z,https://scrapingsandbox.com/product/290,5
291,Vintage Honey Jar,SparkleBox,Food & Beverage,17.89,25.45,High-quality vintage honey jar from SparkleBox. Perfect for everyday use. Features premium materials and thoughtful design. This food & beverage product has been carefully crafted to meet the highest standards of quality and performance.,https://placehold.co/400x400/6366f1/ffffff?text=Honey,gourmet,SKU-FOO-0291,True,3.6,292,2022-04-17T00:00:00.000Z,https://scrapingsandbox.com/product/291,2
292,Classic Body Lotion,UrbanThread,Beauty,12.7,17.64,High-quality classic body lotion from UrbanThread. Perfect for everyday use. Features premium materials and thoughtful design. This beauty product has been carefully crafted to meet the highest standards of quality and performance.,https://placehold.co/400x400/f97316/ffffff?text=Body,"cosmetics, vegan",SKU-BEA-0292,False,4.5,247,2023-08-15T00:00:00.000Z,https://scrapingsandbox.com/product/292,3
293,Wireless Envelope Pack,GlowUp,Office Supplies,21.41,,High-quality wireless envelope pack from GlowUp. Perfect for everyday use. Features premium materials and thoughtful design. This office supplies product has been carefully crafted to meet the highest standards of quality and performance.,https://placehold.co/400x400/84cc16/ffffff?text=Envelope,"stationery, desk, school",SKU-OFF-0293,True,3.5,337,2022-10-16T00:00:00.000Z,https://scrapingsandbox.com/product/293,5
294,Eco-Friendly Chain,HomeNest,Jewelry,172.63,,High-quality eco-friendly chain from HomeNest. Perfect for everyday use. Features premium materials and thoughtful design. This jewelry product has been carefully crafted to meet the highest standards of quality and performance.,https://placehold.co/400x400/3b82f6/ffffff?text=Chain,"accessories, handmade, fashion",SKU-JEW-0294,True,4.6,200,2023-01-18T00:00:00.000Z,https://scrapingsandbox.com/product/294,4
295,Heavy-Duty Hair Oil,ProGear,Beauty,52.79,,High-quality heavy-duty hair oil from ProGear. Perfect for everyday use. Features premium materials and thoughtful design. This beauty product has been carefully crafted to meet the highest standards of quality and performance.,https://placehold.co/400x400/3b82f6/ffffff?text=Hair,"cosmetics, self-care",SKU-BEA-0295,True,3.4,96,2023-08-28T00:00:00.000Z,https://scrapingsandbox.com/product/295,2
296,Organic Wiper Blade,PlayZone,Automotive,201.44,,High-quality organic wiper blade from PlayZone. Perfect for everyday use. Features premium materials and thoughtful design. This automotive product has been carefully crafted to meet the highest standards of quality and performance.,https://placehold.co/400x400/8b5cf6/ffffff?text=Wiper,"car, accessories, travel",SKU-AUT-0296,True,4.6,266,2022-01-07T00:00:00.000Z,https://scrapingsandbox.com/product/296,2
297,Wireless Foam Roller,AutoParts Pro,Sports,194.7,307.83,High-quality wireless foam roller from AutoParts Pro. Perfect for everyday use. Features premium materials and thoughtful design. This sports product has been carefully crafted to meet the highest standards of quality and performance.,https://placehold.co/400x400/ec4899/ffffff?text=Foam,"workout, gym",SKU-SPO-0297,True,3.6,4,2023-11-08T00:00:00.000Z,https://scrapingsandbox.com/product/297,3
298,Vintage Calculator,TasteBud,Office Supplies,100.01,,High-quality vintage calculator from TasteBud. Perfect for everyday use. Features premium materials and thoughtful design. This office supplies product has been carefully crafted to meet the highest standards of quality and performance.,https://placehold.co/400x400/06b6d4/ffffff?text=Calculator,"desk, school, work",SKU-OFF-0298,True,3.3,434,2022-10-30T00:00:00.000Z,https://scrapingsandbox.com/product/298,3
299,Smart Science Book,ProGear,Books,73.2,,High-quality smart science book from ProGear. Perfect for everyday use. Features premium materials and thoughtful design. This books product has been carefully crafted to meet the highest standards of quality and performance.,https://placehold.co/400x400/10b981/ffffff?text=Science,"reading, literature, education",SKU-BOO-0299,True,3.5,444,2023-03-11T00:00:00.000Z,https://scrapingsandbox.com/product/299,4
300,Advanced Calligraphy Set,TasteBud,Art,39.94,64.12,High-quality advanced calligraphy set from TasteBud. Perfect for everyday use. Features premium materials and thoughtful design. This art product has been carefully crafted to meet the highest standards of quality and performance.,https://placehold.co/400x400/f97316/ffffff?text=Calligraphy,"creative, drawing, painting",SKU-ART-0300,True,4.1,188,2023-12-04T00:00:00.000Z,https://scrapingsandbox.com/product/300,2
301,Ultra MIDI Controller,MindBooks,Music,83.16,,High-quality ultra midi controller from MindBooks. Perfect for everyday use. Features premium materials and thoughtful design. This music product has been carefully crafted to meet the highest standards of quality and performance.,https://placehold.co/400x400/06b6d4/ffffff?text=MIDI,audio,SKU-MUS-0301,True,3.1,366,2022-12-31T00:00:00.000Z,https://scrapingsandbox.com/product/301,2
302,Modern Oil Filter,TasteBud,Automotive,146.29,,High-quality modern oil filter from TasteBud. Perfect for everyday use. Features premium materials and thoughtful design. This automotive product has been carefully crafted to meet the highest standards of quality and performance.,https://placehold.co/400x400/10b981/ffffff?text=Oil,"car, maintenance, travel",SKU-AUT-0302,True,4.1,432,2022-01-19T00:00:00.000Z,https://scrapingsandbox.com/product/302,3
303,Compact Mouse Pad,SoundWave,Electronics,81.42,,High-quality compact mouse pad from SoundWave. Perfect for everyday use. Features premium materials and thoughtful design. This electronics product has been carefully crafted to meet the highest standards of quality and performance.,https://placehold.co/400x400/84cc16/ffffff?text=Mouse,"tech, gadgets, digital",SKU-ELE-0303,True,4.0,244,2023-01-16T00:00:00.000Z,https://scrapingsandbox.com/product/303,2
304,Pro Vitamin Pack,MindBooks,Health,84.0,111.18,High-quality pro vitamin pack from MindBooks. Perfect for everyday use. Features premium materials and thoughtful design. This health product has been carefully crafted to meet the highest standards of quality and performance.,https://placehold.co/400x400/8b5cf6/ffffff?text=Vitamin,"wellness, supplements, fitness",SKU-HEA-0304,True,4.3,350,2023-07-05T00:00:00.000Z,https://scrapingsandbox.com/product/304,4
305,Portable Stuffed Animal,UrbanThread,Toys,79.08,,High-quality portable stuffed animal from UrbanThread. Perfect for everyday use. Features premium materials and thoughtful design. This toys product has been carefully crafted to meet the highest standards of quality and performance.,https://placehold.co/400x400/f97316/ffffff?text=Stuffed,"educational, creative",SKU-TOY-0305,True,3.2,52,2022-07-11T00:00:00.000Z,https://scrapingsandbox.com/product/305,3
306,Wireless Joggers,TasteBud,Clothing,181.84,240.5,High-quality wireless joggers from TasteBud. Perfect for everyday use. Features premium materials and thoughtful design. This clothing product has been carefully crafted to meet the highest standards of quality and performance.,https://placehold.co/400x400/8b5cf6/ffffff?text=Joggers,"fashion, apparel, streetwear",SKU-CLO-0306,True,3.2,144,2023-10-28T00:00:00.000Z,https://scrapingsandbox.com/product/306,5
307,Professional Air Freshener,PlayZone,Automotive,148.02,,High-quality professional air freshener from PlayZone. Perfect for everyday use. Features premium materials and thoughtful design. This automotive product has been carefully crafted to meet the highest standards of quality and performance.,https://placehold.co/400x400/3b82f6/ffffff?text=Air,"car, accessories, maintenance",SKU-AUT-0307,True,4.8,80,2023-07-25T00:00:00.000Z,https://scrapingsandbox.com/product/307,2
308,Premium Easel,AutoParts Pro,Art,125.0,,High-quality premium easel from AutoParts Pro. Perfect for everyday use. Features premium materials and thoughtful design. This art product has been carefully crafted to meet the highest standards of quality and performance.,https://placehold.co/400x400/3b82f6/ffffff?text=Easel,"creative, drawing",SKU-ART-0308,False,3.7,332,2022-02-01T00:00:00.000Z,https://scrapingsandbox.com/product/308,5
309,Advanced Stud Earrings,TasteBud,Jewelry,19.77,27.55,High-quality advanced stud earrings from TasteBud. Perfect for everyday use. Features premium materials and thoughtful design. This jewelry product has been carefully crafted to meet the highest standards of quality and performance.,https://placehold.co/400x400/8b5cf6/ffffff?text=Stud,fashion,SKU-JEW-0309,True,3.5,60,2023-05-29T00:00:00.000Z,https://scrapingsandbox.com/product/309,3
310,Portable Robot Kit,PlayZone,Toys,107.24,,High-quality portable robot kit from PlayZone. Perfect for everyday use. Features premium materials and thoughtful design. This toys product has been carefully crafted to meet the highest standards of quality and performance.,https://placehold.co/400x400/f59e0b/ffffff?text=Robot,"kids, games",SKU-TOY-0310,True,4.9,441,2023-11-29T00:00:00.000Z,https://scrapingsandbox.com/product/310,3
311,Compact Mug Set,UrbanThread,Home & Garden,191.35,,High-quality compact mug set from UrbanThread. Perfect for everyday use. Features premium materials and thoughtful design. This home & garden product has been carefully crafted to meet the highest standards of quality and performance.,https://placehold.co/400x400/84cc16/ffffff?text=Mug,decor,SKU-HOM-0311,True,4.6,23,2023-01-21T00:00:00.000Z,https://scrapingsandbox.com/product/311,3
312,Essential Science Book,FitPro,Books,130.86,,High-quality essential science book from FitPro. Perfect for everyday use. Features premium materials and thoughtful design. This books product has been carefully crafted to meet the highest standards of quality and performance.,https://placehold.co/400x400/ef4444/ffffff?text=Science,"education, bestseller, paperback",SKU-BOO-0312,True,4.7,38,2023-01-31T00:00:00.000Z,https://scrapingsandbox.com/product/312,3
313,Lightweight Biography,CozyCorner,Books,189.7,,High-quality lightweight biography from CozyCorner. Perfect for everyday use. Features premium materials and thoughtful design. This books product has been carefully crafted to meet the highest standards of quality and performance.,https://placehold.co/400x400/f97316/ffffff?text=Biography,"literature, education, bestseller",SKU-BOO-0313,True,4.6,2,2023-07-19T00:00:00.000Z,https://scrapingsandbox.com/product/313,3
314,Organic Eye Cream,GlowUp,Beauty,5.12,8.1,High-quality organic eye cream from GlowUp. Perfect for everyday use. Features premium materials and thoughtful design. This beauty product has been carefully crafted to meet the highest standards of quality and performance.,https://placehold.co/400x400/84cc16/ffffff?text=Eye,"skincare, cosmetics, self-care",SKU-BEA-0314,True,3.8,176,2022-12-23T00:00:00.000Z,https://scrapingsandbox.com/product/314,2
315,Premium Omega-3 Capsules,StyleCraft,Health,115.44,160.29,High-quality premium omega-3 capsules from StyleCraft. Perfect for everyday use. Features premium materials and thoughtful design. This health product has been carefully crafted to meet the highest standards of quality and performance.,https://placehold.co/400x400/6366f1/ffffff?text=Omega-3,wellness,SKU-HEA-0315,True,3.6,98,2022-02-20T00:00:00.000Z,https://scrapingsandbox.com/product/315,4
316,Deluxe SSD Drive,ArtisanHub,Electronics,8.33,,High-quality deluxe ssd drive from ArtisanHub. Perfect for everyday use. Features premium materials and thoughtful design. This electronics product has been carefully crafted to meet the highest standards of quality and performance.,https://placehold.co/400x400/6366f1/ffffff?text=SSD,"tech, wireless, USB",SKU-ELE-0316,True,4.2,0,2022-08-30T00:00:00.000Z,https://scrapingsandbox.com/product/316,5
317,Ultra Bangle,TasteBud,Jewelry,194.15,259.67,High-quality ultra bangle from TasteBud. Perfect for everyday use. Features premium materials and thoughtful design. This jewelry product has been carefully crafted to meet the highest standards of quality and performance.,https://placehold.co/400x400/06b6d4/ffffff?text=Bangle,"luxury, handmade, sterling",SKU-JEW-0317,True,5.0,188,2023-01-10T00:00:00.000Z,https://scrapingsandbox.com/product/317,5
318,Premium Stuffed Animal,VitalLife,Toys,97.99,,High-quality premium stuffed animal from VitalLife. Perfect for everyday use. Features premium materials and thoughtful design. This toys product has been carefully crafted to meet the highest standards of quality and performance.,https://placehold.co/400x400/f97316/ffffff?text=Stuffed,fun,SKU-TOY-0318,True,3.0,498,2022-01-03T00:00:00.000Z,https://scrapingsandbox.com/product/318,3
319,Vintage Sheet Music,ProGear,Music,12.46,16.46,High-quality vintage sheet music from ProGear. Perfect for everyday use. Features premium materials and thoughtful design. This music product has been carefully crafted to meet the highest standards of quality and performance.,https://placehold.co/400x400/f59e0b/ffffff?text=Sheet,"instruments, recording",SKU-MUS-0319,True,3.4,119,2023-05-02T00:00:00.000Z,https://scrapingsandbox.com/product/319,4
320,Wireless Stapler,MindBooks,Office Supplies,43.41,62.5,High-quality wireless stapler from MindBooks. Perfect for everyday use. Features premium materials and thoughtful design. This office supplies product has been carefully crafted to meet the highest standards of quality and performance.,https://placehold.co/400x400/84cc16/ffffff?text=Stapler,"organization, school",SKU-OFF-0320,True,3.6,219,2023-10-10T00:00:00.000Z,https://scrapingsandbox.com/product/320,4
321,Wireless Food Bowl,UrbanThread,Pet Supplies,131.25,,High-quality wireless food bowl from UrbanThread. Perfect for everyday use. Features premium materials and thoughtful design. This pet supplies product has been carefully crafted to meet the highest standards of quality and performance.,https://placehold.co/400x400/3b82f6/ffffff?text=Food,"pets, grooming, food",SKU-PET-0321,True,4.1,19,2022-07-08T00:00:00.000Z,https://scrapingsandbox.com/product/321,5
322,Handcrafted Carving Tools,HomeNest,Art,147.17,,High-quality handcrafted carving tools from HomeNest. Perfect for everyday use. Features premium materials and thoughtful design. This art product has been carefully crafted to meet the highest standards of quality and performance.,https://placehold.co/400x400/f97316/ffffff?text=Carving,"supplies, crafts",SKU-ART-0322,True,4.9,277,2022-03-16T00:00:00.000Z,https://scrapingsandbox.com/product/322,4
323,Classic Probiotics,SoundWave,Health,25.28,38.25,High-quality classic probiotics from SoundWave. Perfect for everyday use. Features premium materials and thoughtful design. This health product has been carefully crafted to meet the highest standards of quality and performance.,https://placehold.co/400x400/f97316/ffffff?text=Probiotics,"wellness, medical",SKU-HEA-0323,True,3.9,104,2023-10-23T00:00:00.000Z,https://scrapingsandbox.com/product/323,4
324,Eco-Friendly Dumbbell Set,SparkleBox,Sports,87.11,134.16,High-quality eco-friendly dumbbell set from SparkleBox. Perfect for everyday use. Features premium materials and thoughtful design. This sports product has been carefully crafted to meet the highest standards of quality and performance.,https://placehold.co/400x400/06b6d4/ffffff?text=Dumbbell,"fitness, outdoor, gym",SKU-SPO-0324,True,3.7,109,2023-03-23T00:00:00.000Z,https://scrapingsandbox.com/product/324,2
325,Portable Aquarium Plant,HomeNest,Pet Supplies,81.27,,High-quality portable aquarium plant from HomeNest. Perfect for everyday use. Features premium materials and thoughtful design. This pet supplies product has been carefully crafted to meet the highest standards of quality and performance.,https://placehold.co/400x400/8b5cf6/ffffff?text=Aquarium,cats,SKU-PET-0325,True,4.3,412,2023-03-03T00:00:00.000Z,https://scrapingsandbox.com/product/325,2
326,Vintage Table Runner,ProGear,Home & Garden,61.12,,High-quality vintage table runner from ProGear. Perfect for everyday use. Features premium materials and thoughtful design. This home & garden product has been carefully crafted to meet the highest standards of quality and performance.,https://placehold.co/400x400/10b981/ffffff?text=Table,"kitchen, garden, cozy",SKU-HOM-0326,False,3.2,170,2022-01-19T00:00:00.000Z,https://scrapingsandbox.com/product/326,2
327,Portable Pop Filter,SoundWave,Music,123.12,,High-quality portable pop filter from SoundWave. Perfect for everyday use. Features premium materials and thoughtful design. This music product has been carefully crafted to meet the highest standards of quality and performance.,https://placehold.co/400x400/ec4899/ffffff?text=Pop,"audio, accessories, performance",SKU-MUS-0327,True,4.1,394,2022-05-15T00:00:00.000Z,https://scrapingsandbox.com/product/327,3
328,Lightweight Children's Book,VitalLife,Books,121.56,,High-quality lightweight children's book from VitalLife. Perfect for everyday use. Features premium materials and thoughtful design. This books product has been carefully crafted to meet the highest standards of quality and performance.,https://placehold.co/400x400/3b82f6/ffffff?text=Children's,reading,SKU-BOO-0328,False,3.3,321,2022-01-16T00:00:00.000Z,https://scrapingsandbox.com/product/328,5
329,Heavy-Duty Gaming Mouse,AutoParts Pro,Electronics,149.4,209.47,High-quality heavy-duty gaming mouse from AutoParts Pro. Perfect for everyday use. Features premium materials and thoughtful design. This electronics product has been carefully crafted to meet the highest standards of quality and performance.,https://placehold.co/400x400/6366f1/ffffff?text=Gaming,"tech, digital",SKU-ELE-0329,False,4.8,80,2022-07-16T00:00:00.000Z,https://scrapingsandbox.com/product/329,3
330,Ultra Synthesizer Patch,AutoParts Pro,Music,155.11,,High-quality ultra synthesizer patch from AutoParts Pro. Perfect for everyday use. Features premium materials and thoughtful design. This music product has been carefully crafted to meet the highest standards of quality and performance.,https://placehold.co/400x400/10b981/ffffff?text=Synthesizer,"audio, performance",SKU-MUS-0330,True,4.5,404,2022-11-22T00:00:00.000Z,https://scrapingsandbox.com/product/330,4
331,Classic Tape Dispenser,TasteBud,Office Supplies,176.51,263.01,High-quality classic tape dispenser from TasteBud. Perfect for everyday use. Features premium materials and thoughtful design. This office supplies product has been carefully crafted to meet the highest standards of quality and performance.,https://placehold.co/400x400/10b981/ffffff?text=Tape,"stationery, school, work",SKU-OFF-0331,True,3.2,142,2023-09-13T00:00:00.000Z,https://scrapingsandbox.com/product/331,5
332,Lightweight Coaster Set,TechVault,Home & Garden,193.52,,High-quality lightweight coaster set from TechVault. Perfect for everyday use. Features premium materials and thoughtful design. This home & garden product has been carefully crafted to meet the highest standards of quality and performance.,https://placehold.co/400x400/3b82f6/ffffff?text=Coaster,"decor, living room",SKU-HOM-0332,False,4.2,249,2022-04-15T00:00:00.000Z,https://scrapingsandbox.com/product/332,1
333,Heavy-Duty Trunk Organizer,CozyCorner,Automotive,51.77,,High-quality heavy-duty trunk organizer from CozyCorner. Perfect for everyday use. Features premium materials and thoughtful design. This automotive product has been carefully crafted to meet the highest standards of quality and performance.,https://placehold.co/400x400/6366f1/ffffff?text=Trunk,"car, accessories, maintenance",SKU-AUT-0333,True,4.0,85,2023-02-19T00:00:00.000Z,https://scrapingsandbox.com/product/333,5
334,Essential Desk Organizer,PlayZone,Office Supplies,185.73,,High-quality essential desk organizer from PlayZone. Perfect for everyday use. Features premium materials and thoughtful design. This office supplies product has been carefully crafted to meet the highest standards of quality and performance.,https://placehold.co/400x400/8b5cf6/ffffff?text=Desk,"stationery, organization, school",SKU-OFF-0334,True,4.7,269,2022-08-25T00:00:00.000Z,https://scrapingsandbox.com/product/334,5
335,Ultra Spark Plug,PlayZone,Automotive,110.93,,High-quality ultra spark plug from PlayZone. Perfect for everyday use. Features premium materials and thoughtful design. This automotive product has been carefully crafted to meet the highest standards of quality and performance.,https://placehold.co/400x400/8b5cf6/ffffff?text=Spark,"car, accessories, safety",SKU-AUT-0335,True,4.7,1,2022-06-01T00:00:00.000Z,https://scrapingsandbox.com/product/335,5
336,Classic Pendant,AutoParts Pro,Jewelry,158.89,,High-quality classic pendant from AutoParts Pro. Perfect for everyday use. Features premium materials and thoughtful design. This jewelry product has been carefully crafted to meet the highest standards of quality and performance.,https://placehold.co/400x400/84cc16/ffffff?text=Pendant,"accessories, luxury, fashion",SKU-JEW-0336,True,4.9,248,2022-04-28T00:00:00.000Z,https://scrapingsandbox.com/product/336,4
337,Vintage Tiara,GlowUp,Jewelry,116.86,,High-quality vintage tiara from GlowUp. Perfect for everyday use. Features premium materials and thoughtful design. This jewelry product has been carefully crafted to meet the highest standards of quality and performance.,https://placehold.co/400x400/ec4899/ffffff?text=Tiara,"luxury, handmade, sterling",SKU-JEW-0337,True,4.7,68,2023-02-06T00:00:00.000Z,https://scrapingsandbox.com/product/337,4
338,Modern Perfume,GlowUp,Beauty,202.59,,High-quality modern perfume from GlowUp. Perfect for everyday use. Features premium materials and thoughtful design. This beauty product has been carefully crafted to meet the highest standards of quality and performance.,https://placehold.co/400x400/06b6d4/ffffff?text=Perfume,"skincare, cosmetics, organic",SKU-BEA-0338,True,3.9,470,2022-11-01T00:00:00.000Z,https://scrapingsandbox.com/product/338,2
339,Professional Color Wheel,SoundWave,Art,13.45,,High-quality professional color wheel from SoundWave. Perfect for everyday use. Features premium materials and thoughtful design. This art product has been carefully crafted to meet the highest standards of quality and performance.,https://placehold.co/400x400/10b981/ffffff?text=Color,"supplies, creative",SKU-ART-0339,True,4.0,317,2022-08-11T00:00:00.000Z,https://scrapingsandbox.com/product/339,4
340,Ultra Wall Art,AutoParts Pro,Home & Garden,93.41,,High-quality ultra wall art from AutoParts Pro. Perfect for everyday use. Features premium materials and thoughtful design. This home & garden product has been carefully crafted to meet the highest standards of quality and performance.,https://placehold.co/400x400/f59e0b/ffffff?text=Wall,"kitchen, cozy",SKU-HOM-0340,True,3.8,474,2023-04-28T00:00:00.000Z,https://scrapingsandbox.com/product/340,4
341,Smart Dumbbell Set,StyleCraft,Sports,147.22,185.81,High-quality smart dumbbell set from StyleCraft. Perfect for everyday use. Features premium materials and thoughtful design. This sports product has been carefully crafted to meet the highest standards of quality and performance.,https://placehold.co/400x400/06b6d4/ffffff?text=Dumbbell,training,SKU-SPO-0341,True,4.1,432,2023-04-16T00:00:00.000Z,https://scrapingsandbox.com/product/341,4
342,Pro Charger,PawPal,Electronics,45.06,,High-quality pro charger from PawPal. Perfect for everyday use. Features premium materials and thoughtful design. This electronics product has been carefully crafted to meet the highest standards of quality and performance.,https://placehold.co/400x400/ec4899/ffffff?text=Charger,USB,SKU-ELE-0342,False,3.7,36,2023-10-03T00:00:00.000Z,https://scrapingsandbox.com/product/342,2
343,Portable Business Book,FitPro,Books,192.55,262.58,High-quality portable business book from FitPro. Perfect for everyday use. Features premium materials and thoughtful design. This books product has been carefully crafted to meet the highest standards of quality and performance.,https://placehold.co/400x400/3b82f6/ffffff?text=Business,reading,SKU-BOO-0343,True,3.1,55,2022-07-21T00:00:00.000Z,https://scrapingsandbox.com/product/343,2
344,Professional Popcorn Pack,PageTurner,Food & Beverage,122.84,150.39,High-quality professional popcorn pack from PageTurner. Perfect for everyday use. Features premium materials and thoughtful design. This food & beverage product has been carefully crafted to meet the highest standards of quality and performance.,https://placehold.co/400x400/6366f1/ffffff?text=Popcorn,"organic, gourmet, snacks",SKU-FOO-0344,True,3.1,372,2022-05-29T00:00:00.000Z,https://scrapingsandbox.com/product/344,4
345,Deluxe Phone Case,PlayZone,Electronics,110.14,161.23,High-quality deluxe phone case from PlayZone. Perfect for everyday use. Features premium materials and thoughtful design. This electronics product has been carefully crafted to meet the highest standards of quality and performance.,https://placehold.co/400x400/f59e0b/ffffff?text=Phone,digital,SKU-ELE-0345,True,3.0,394,2022-06-12T00:00:00.000Z,https://scrapingsandbox.com/product/345,4
346,Vintage Yoga Mat,MindBooks,Sports,27.71,,High-quality vintage yoga mat from MindBooks. Perfect for everyday use. Features premium materials and thoughtful design. This sports product has been carefully crafted to meet the highest standards of quality and performance.,https://placehold.co/400x400/84cc16/ffffff?text=Yoga,"fitness, training",SKU-SPO-0346,True,3.6,434,2023-07-22T00:00:00.000Z,https://scrapingsandbox.com/product/346,2
347,Pro Toner,PlayZone,Beauty,147.87,,High-quality pro toner from PlayZone. Perfect for everyday use. Features premium materials and thoughtful design. This beauty product has been carefully crafted to meet the highest standards of quality and performance.,https://placehold.co/400x400/ec4899/ffffff?text=Toner,"skincare, cosmetics, organic",SKU-BEA-0347,False,3.6,368,2022-09-01T00:00:00.000Z,https://scrapingsandbox.com/product/347,2
348,Handcrafted Popcorn Pack,HomeNest,Food & Beverage,123.43,,High-quality handcrafted popcorn pack from HomeNest. Perfect for everyday use. Features premium materials and thoughtful design. This food & beverage product has been carefully crafted to meet the highest standards of quality and performance.,https://placehold.co/400x400/f59e0b/ffffff?text=Popcorn,"drinks, artisan",SKU-FOO-0348,True,3.8,66,2022-07-31T00:00:00.000Z,https://scrapingsandbox.com/product/348,3
349,Vintage Massage Gun,SparkleBox,Health,184.15,283.37,High-quality vintage massage gun from SparkleBox. Perfect for everyday use. Features premium materials and thoughtful design. This health product has been carefully crafted to meet the highest standards of quality and performance.,https://placehold.co/400x400/f59e0b/ffffff?text=Massage,wellness,SKU-HEA-0349,True,3.0,41,2022-09-15T00:00:00.000Z,https://scrapingsandbox.com/product/349,2
350,Portable Hoop Earrings,ProGear,Jewelry,47.61,77.11,High-quality portable hoop earrings from ProGear. Perfect for everyday use. Features premium materials and thoughtful design. This jewelry product has been carefully crafted to meet the highest standards of quality and performance.,https://placehold.co/400x400/3b82f6/ffffff?text=Hoop,"accessories, luxury, handmade",SKU-JEW-0350,True,3.6,240,2022-07-10T00:00:00.000Z,https://scrapingsandbox.com/product/350,4
351,Wireless Floor Mat,SoundWave,Automotive,88.69,,High-quality wireless floor mat from SoundWave. Perfect for everyday use. Features premium materials and thoughtful design. This automotive product has been carefully crafted to meet the highest standards of quality and performance.,https://placehold.co/400x400/3b82f6/ffffff?text=Floor,"car, accessories, maintenance",SKU-AUT-0351,True,4.7,7,2023-11-09T00:00:00.000Z,https://scrapingsandbox.com/product/351,4
352,Limited Edition Wireless Earbuds,SoundWave,Electronics,20.59,30.64,High-quality limited edition wireless earbuds from SoundWave. Perfect for everyday use. Features premium materials and thoughtful design. This electronics product has been carefully crafted to meet the highest standards of quality and performance.,https://placehold.co/400x400/10b981/ffffff?text=Wireless,"tech, digital",SKU-ELE-0352,True,4.4,135,2023-06-09T00:00:00.000Z,https://scrapingsandbox.com/product/352,3
353,Limited Edition Charger,VitalLife,Electronics,17.03,,High-quality limited edition charger from VitalLife. Perfect for everyday use. Features premium materials and thoughtful design. This electronics product has been carefully crafted to meet the highest standards of quality and performance.,https://placehold.co/400x400/ef4444/ffffff?text=Charger,"tech, wireless, USB",SKU-ELE-0353,True,3.4,101,2023-06-18T00:00:00.000Z,https://scrapingsandbox.com/product/353,3
354,Eco-Friendly Kite,StyleCraft,Toys,118.29,152.28,High-quality eco-friendly kite from StyleCraft. Perfect for everyday use. Features premium materials and thoughtful design. This toys product has been carefully crafted to meet the highest standards of quality and performance.,https://placehold.co/400x400/06b6d4/ffffff?text=Kite,kids,SKU-TOY-0354,True,4.8,407,2022-05-12T00:00:00.000Z,https://scrapingsandbox.com/product/354,5
355,Ultra Bubble Machine,ArtisanHub,Toys,149.1,232.81,High-quality ultra bubble machine from ArtisanHub. Perfect for everyday use. Features premium materials and thoughtful design. This toys product has been carefully crafted to meet the highest standards of quality and performance.,https://placehold.co/400x400/8b5cf6/ffffff?text=Bubble,"kids, creative",SKU-TOY-0355,True,4.7,498,2022-03-16T00:00:00.000Z,https://scrapingsandbox.com/product/355,4
356,Smart Bookend,ProGear,Home & Garden,151.96,238.09,High-quality smart bookend from ProGear. Perfect for everyday use. Features premium materials and thoughtful design. This home & garden product has been carefully crafted to meet the highest standards of quality and performance.,https://placehold.co/400x400/06b6d4/ffffff?text=Bookend,"decor, kitchen, garden",SKU-HOM-0356,True,3.2,230,2023-11-19T00:00:00.000Z,https://scrapingsandbox.com/product/356,2
357,Lightweight Sneakers,DeskMate,Clothing,200.94,,High-quality lightweight sneakers from DeskMate. Perfect for everyday use. Features premium materials and thoughtful design. This clothing product has been carefully crafted to meet the highest standards of quality and performance.,https://placehold.co/400x400/06b6d4/ffffff?text=Sneakers,"apparel, streetwear, casual",SKU-CLO-0357,True,4.0,157,2023-11-13T00:00:00.000Z,https://scrapingsandbox.com/product/357,4
358,Classic Coconut Water,DeskMate,Food & Beverage,151.61,,High-quality classic coconut water from DeskMate. Perfect for everyday use. Features premium materials and thoughtful design. This food & beverage product has been carefully crafted to meet the highest standards of quality and performance.,https://placehold.co/400x400/84cc16/ffffff?text=Coconut,snacks,SKU-FOO-0358,False,4.3,333,2023-11-19T00:00:00.000Z,https://scrapingsandbox.com/product/358,3
359,Compact Gaming Mouse,PageTurner,Electronics,146.92,,High-quality compact gaming mouse from PageTurner. Perfect for everyday use. Features premium materials and thoughtful design. This electronics product has been carefully crafted to meet the highest standards of quality and performance.,https://placehold.co/400x400/84cc16/ffffff?text=Gaming,"tech, gadgets, digital",SKU-ELE-0359,True,4.4,351,2022-02-04T00:00:00.000Z,https://scrapingsandbox.com/product/359,5
360,Pro Calculator,SoundWave,Office Supplies,174.36,,High-quality pro calculator from SoundWave. Perfect for everyday use. Features premium materials and thoughtful design. This office supplies product has been carefully crafted to meet the highest standards of quality and performance.,https://placehold.co/400x400/f59e0b/ffffff?text=Calculator,organization,SKU-OFF-0360,True,3.4,227,2022-06-01T00:00:00.000Z,https://scrapingsandbox.com/product/360,5
361,Premium Color Wheel,ArtisanHub,Art,196.92,268.22,High-quality premium color wheel from ArtisanHub. Perfect for everyday use. Features premium materials and thoughtful design. This art product has been carefully crafted to meet the highest standards of quality and performance.,https://placehold.co/400x400/06b6d4/ffffff?text=Color,supplies,SKU-ART-0361,True,3.9,476,2023-09-06T00:00:00.000Z,https://scrapingsandbox.com/product/361,3
362,Lightweight Scale,AutoParts Pro,Health,184.17,250.22,High-quality lightweight scale from AutoParts Pro. Perfect for everyday use. Features premium materials and thoughtful design. This health product has been carefully crafted to meet the highest standards of quality and performance.,https://placehold.co/400x400/ef4444/ffffff?text=Scale,"wellness, supplements, medical",SKU-HEA-0362,True,3.7,140,2022-02-21T00:00:00.000Z,https://scrapingsandbox.com/product/362,3
363,Compact Windbreaker,PlayZone,Clothing,100.19,162.71,High-quality compact windbreaker from PlayZone. Perfect for everyday use. Features premium materials and thoughtful design. This clothing product has been carefully crafted to meet the highest standards of quality and performance.,https://placehold.co/400x400/84cc16/ffffff?text=Windbreaker,"fashion, streetwear, casual",SKU-CLO-0363,True,4.6,195,2022-11-21T00:00:00.000Z,https://scrapingsandbox.com/product/363,2
364,Essential Moisturizer,SparkleBox,Beauty,144.11,,High-quality essential moisturizer from SparkleBox. Perfect for everyday use. Features premium materials and thoughtful design. This beauty product has been carefully crafted to meet the highest standards of quality and performance.,https://placehold.co/400x400/3b82f6/ffffff?text=Moisturizer,organic,SKU-BEA-0364,True,3.6,242,2023-07-27T00:00:00.000Z,https://scrapingsandbox.com/product/364,4
365,Modern Marker Pack,MindBooks,Art,18.68,,High-quality modern marker pack from MindBooks. Perfect for everyday use. Features premium materials and thoughtful design. This art product has been carefully crafted to meet the highest standards of quality and performance.,https://placehold.co/400x400/84cc16/ffffff?text=Marker,"supplies, creative, painting",SKU-ART-0365,True,4.3,121,2022-12-30T00:00:00.000Z,https://scrapingsandbox.com/product/365,2
366,Ultra Label Maker,PageTurner,Office Supplies,108.75,164.67,High-quality ultra label maker from PageTurner. Perfect for everyday use. Features premium materials and thoughtful design. This office supplies product has been carefully crafted to meet the highest standards of quality and performance.,https://placehold.co/400x400/10b981/ffffff?text=Label,"desk, organization, school",SKU-OFF-0366,True,4.6,387,2022-10-11T00:00:00.000Z,https://scrapingsandbox.com/product/366,3
367,Compact Ring Light,PlayZone,Electronics,9.67,,High-quality compact ring light from PlayZone. Perfect for everyday use. Features premium materials and thoughtful design. This electronics product has been carefully crafted to meet the highest standards of quality and performance.,https://placehold.co/400x400/8b5cf6/ffffff?text=Ring,"gadgets, USB",SKU-ELE-0367,True,4.0,56,2023-12-15T00:00:00.000Z,https://scrapingsandbox.com/product/367,4
368,Pro Matcha Powder,GlowUp,Food & Beverage,61.14,,High-quality pro matcha powder from GlowUp. Perfect for everyday use. Features premium materials and thoughtful design. This food & beverage product has been carefully crafted to meet the highest standards of quality and performance.,https://placehold.co/400x400/10b981/ffffff?text=Matcha,"organic, drinks, artisan",SKU-FOO-0368,True,4.4,134,2022-12-03T00:00:00.000Z,https://scrapingsandbox.com/product/368,5
369,Lightweight Fantasy Epic,VitalLife,Books,83.62,,High-quality lightweight fantasy epic from VitalLife. Perfect for everyday use. Features premium materials and thoughtful design. This books product has been carefully crafted to meet the highest standards of quality and performance.,https://placehold.co/400x400/8b5cf6/ffffff?text=Fantasy,"reading, education, paperback",SKU-BOO-0369,True,3.8,461,2022-12-10T00:00:00.000Z,https://scrapingsandbox.com/product/369,2
370,Heavy-Duty Locket,TechVault,Jewelry,127.92,,High-quality heavy-duty locket from TechVault. Perfect for everyday use. Features premium materials and thoughtful design. This jewelry product has been carefully crafted to meet the highest standards of quality and performance.,https://placehold.co/400x400/ef4444/ffffff?text=Locket,"luxury, handmade, sterling",SKU-JEW-0370,True,4.2,494,2022-11-20T00:00:00.000Z,https://scrapingsandbox.com/product/370,2
371,Professional Probiotics,FitPro,Health,32.47,,High-quality professional probiotics from FitPro. Perfect for everyday use. Features premium materials and thoughtful design. This health product has been carefully crafted to meet the highest standards of quality and performance.,https://placehold.co/400x400/10b981/ffffff?text=Probiotics,wellness,SKU-HEA-0371,True,4.7,40,2022-11-21T00:00:00.000Z,https://scrapingsandbox.com/product/371,4
372,Compact Bracelet,ArtisanHub,Jewelry,10.53,17.25,High-quality compact bracelet from ArtisanHub. Perfect for everyday use. Features premium materials and thoughtful design. This jewelry product has been carefully crafted to meet the highest standards of quality and performance.,https://placehold.co/400x400/ec4899/ffffff?text=Bracelet,handmade,SKU-JEW-0372,True,3.4,252,2022-04-05T00:00:00.000Z,https://scrapingsandbox.com/product/372,2
373,Premium Car Charger,VitalLife,Automotive,65.48,,High-quality premium car charger from VitalLife. Perfect for everyday use. Features premium materials and thoughtful design. This automotive product has been carefully crafted to meet the highest standards of quality and performance.,https://placehold.co/400x400/6366f1/ffffff?text=Car,safety,SKU-AUT-0373,False,3.2,300,2023-09-26T00:00:00.000Z,https://scrapingsandbox.com/product/373,4
374,Classic Wireless Earbuds,SoundWave,Electronics,120.91,,High-quality classic wireless earbuds from SoundWave. Perfect for everyday use. Features premium materials and thoughtful design. This electronics product has been carefully crafted to meet the highest standards of quality and performance.,https://placehold.co/400x400/f97316/ffffff?text=Wireless,"tech, USB",SKU-ELE-0374,True,3.1,103,2023-08-06T00:00:00.000Z,https://scrapingsandbox.com/product/374,5
375,Heavy-Duty Desk Organizer,GlowUp,Office Supplies,190.99,,High-quality heavy-duty desk organizer from GlowUp. Perfect for everyday use. Features premium materials and thoughtful design. This office supplies product has been carefully crafted to meet the highest standards of quality and performance.,https://placehold.co/400x400/f97316/ffffff?text=Desk,"stationery, work",SKU-OFF-0375,True,3.0,211,2023-04-04T00:00:00.000Z,https://scrapingsandbox.com/product/375,2
376,Handcrafted Vinyl Record,CozyCorner,Music,163.48,225.33,High-quality handcrafted vinyl record from CozyCorner. Perfect for everyday use. Features premium materials and thoughtful design. This music product has been carefully crafted to meet the highest standards of quality and performance.,https://placehold.co/400x400/f59e0b/ffffff?text=Vinyl,"audio, recording, performance",SKU-MUS-0376,True,5.0,63,2022-03-30T00:00:00.000Z,https://scrapingsandbox.com/product/376,2
377,Heavy-Duty Microphone,FitPro,Music,7.77,,High-quality heavy-duty microphone from FitPro. Perfect for everyday use. Features premium materials and thoughtful design. This music product has been carefully crafted to meet the highest standards of quality and performance.,https://placehold.co/400x400/3b82f6/ffffff?text=Microphone,"audio, recording, accessories",SKU-MUS-0377,False,3.1,205,2022-09-17T00:00:00.000Z,https://scrapingsandbox.com/product/377,2
378,Heavy-Duty Trail Mix,SoundWave,Food & Beverage,105.04,152.5,High-quality heavy-duty trail mix from SoundWave. Perfect for everyday use. Features premium materials and thoughtful design. This food & beverage product has been carefully crafted to meet the highest standards of quality and performance.,https://placehold.co/400x400/f59e0b/ffffff?text=Trail,"snacks, drinks",SKU-FOO-0378,True,3.0,67,2022-04-18T00:00:00.000Z,https://scrapingsandbox.com/product/378,2
379,Compact Trail Mix,AutoParts Pro,Food & Beverage,203.99,265.92,High-quality compact trail mix from AutoParts Pro. Perfect for everyday use. Features premium materials and thoughtful design. This food & beverage product has been carefully crafted to meet the highest standards of quality and performance.,https://placehold.co/400x400/f97316/ffffff?text=Trail,"snacks, drinks",SKU-FOO-0379,True,4.9,64,2023-12-20T00:00:00.000Z,https://scrapingsandbox.com/product/379,2
380,Advanced Locket,PawPal,Jewelry,126.47,214.27,High-quality advanced locket from PawPal. Perfect for everyday use. Features premium materials and thoughtful design. This jewelry product has been carefully crafted to meet the highest standards of quality and performance.,https://placehold.co/400x400/f59e0b/ffffff?text=Locket,"accessories, luxury, fashion",SKU-JEW-0380,True,4.2,266,2022-06-24T00:00:00.000Z,https://scrapingsandbox.com/product/380,3
381,Eco-Friendly Pet Shampoo,DeskMate,Pet Supplies,16.99,,High-quality eco-friendly pet shampoo from DeskMate. Perfect for everyday use. Features premium materials and thoughtful design. This pet supplies product has been carefully crafted to meet the highest standards of quality and performance.,https://placehold.co/400x400/f97316/ffffff?text=Pet,"cats, food",SKU-PET-0381,True,4.6,402,2023-03-27T00:00:00.000Z,https://scrapingsandbox.com/product/381,4
382,Essential Scarf,TasteBud,Clothing,68.02,115.3,High-quality essential scarf from TasteBud. Perfect for everyday use. Features premium materials and thoughtful design. This clothing product has been carefully crafted to meet the highest standards of quality and performance.,https://placehold.co/400x400/f97316/ffffff?text=Scarf,"streetwear, casual, unisex",SKU-CLO-0382,True,3.8,39,2023-07-12T00:00:00.000Z,https://scrapingsandbox.com/product/382,1
383,Smart Drum Sticks,ArtisanHub,Music,88.35,,High-quality smart drum sticks from ArtisanHub. Perfect for everyday use. Features premium materials and thoughtful design. This music product has been carefully crafted to meet the highest standards of quality and performance.,https://placehold.co/400x400/84cc16/ffffff?text=Drum,"instruments, audio, recording",SKU-MUS-0383,True,5.0,222,2022-06-02T00:00:00.000Z,https://scrapingsandbox.com/product/383,2
384,Lightweight Doormat,GlowUp,Home & Garden,96.6,,High-quality lightweight doormat from GlowUp. Perfect for everyday use. Features premium materials and thoughtful design. This home & garden product has been carefully crafted to meet the highest standards of quality and performance.,https://placehold.co/400x400/ef4444/ffffff?text=Doormat,decor,SKU-HOM-0384,True,4.3,56,2023-01-20T00:00:00.000Z,https://scrapingsandbox.com/product/384,4
385,Vintage Slime Kit,UrbanThread,Toys,170.43,256.01,High-quality vintage slime kit from UrbanThread. Perfect for everyday use. Features premium materials and thoughtful design. This toys product has been carefully crafted to meet the highest standards of quality and performance.,https://placehold.co/400x400/ec4899/ffffff?text=Slime,kids,SKU-TOY-0385,True,3.7,95,2023-06-25T00:00:00.000Z,https://scrapingsandbox.com/product/385,3
386,Modern SSD Drive,MindBooks,Electronics,90.96,127.5,High-quality modern ssd drive from MindBooks. Perfect for everyday use. Features premium materials and thoughtful design. This electronics product has been carefully crafted to meet the highest standards of quality and performance.,https://placehold.co/400x400/3b82f6/ffffff?text=SSD,"tech, gadgets, digital",SKU-ELE-0386,False,3.3,66,2022-07-11T00:00:00.000Z,https://scrapingsandbox.com/product/386,2
387,Modern Gym Bag,VitalLife,Sports,182.1,,High-quality modern gym bag from VitalLife. Perfect for everyday use. Features premium materials and thoughtful design. This sports product has been carefully crafted to meet the highest standards of quality and performance.,https://placehold.co/400x400/8b5cf6/ffffff?text=Gym,"fitness, workout, outdoor",SKU-SPO-0387,False,3.8,201,2023-02-15T00:00:00.000Z,https://scrapingsandbox.com/product/387,4
388,Advanced Dog Food,ProGear,Pet Supplies,146.34,234.93,High-quality advanced dog food from ProGear. Perfect for everyday use. Features premium materials and thoughtful design. This pet supplies product has been carefully crafted to meet the highest standards of quality and performance.,https://placehold.co/400x400/06b6d4/ffffff?text=Dog,"cats, grooming",SKU-PET-0388,True,3.9,452,2023-06-25T00:00:00.000Z,https://scrapingsandbox.com/product/388,5
389,Compact Sci-Fi Novel,TechVault,Books,81.95,,High-quality compact sci-fi novel from TechVault. Perfect for everyday use. Features premium materials and thoughtful design. This books product has been carefully crafted to meet the highest standards of quality and performance.,https://placehold.co/400x400/ec4899/ffffff?text=Sci-Fi,"literature, education",SKU-BOO-0389,False,4.5,459,2022-02-28T00:00:00.000Z,https://scrapingsandbox.com/product/389,2
390,Limited Edition Grooming Brush,TasteBud,Pet Supplies,187.72,,High-quality limited edition grooming brush from TasteBud. Perfect for everyday use. Features premium materials and thoughtful design. This pet supplies product has been carefully crafted to meet the highest standards of quality and performance.,https://placehold.co/400x400/f97316/ffffff?text=Grooming,"dogs, grooming, food",SKU-PET-0390,False,4.7,20,2023-12-08T00:00:00.000Z,https://scrapingsandbox.com/product/390,3
391,Premium Pastel Set,TechVault,Art,176.68,,High-quality premium pastel set from TechVault. Perfect for everyday use. Features premium materials and thoughtful design. This art product has been carefully crafted to meet the highest standards of quality and performance.,https://placehold.co/400x400/6366f1/ffffff?text=Pastel,"supplies, creative, painting",SKU-ART-0391,True,4.8,356,2022-11-09T00:00:00.000Z,https://scrapingsandbox.com/product/391,4
392,Handcrafted Gaming Mouse,TechVault,Electronics,191.69,249.61,High-quality handcrafted gaming mouse from TechVault. Perfect for everyday use. Features premium materials and thoughtful design. This electronics product has been carefully crafted to meet the highest standards of quality and performance.,https://placehold.co/400x400/84cc16/ffffff?text=Gaming,wireless,SKU-ELE-0392,True,4.3,297,2022-04-06T00:00:00.000Z,https://scrapingsandbox.com/product/392,2
393,Heavy-Duty Collagen Powder,FitPro,Health,126.07,160.93,High-quality heavy-duty collagen powder from FitPro. Perfect for everyday use. Features premium materials and thoughtful design. This health product has been carefully crafted to meet the highest standards of quality and performance.,https://placehold.co/400x400/8b5cf6/ffffff?text=Collagen,"wellness, supplements, medical",SKU-HEA-0393,True,4.2,229,2022-03-15T00:00:00.000Z,https://scrapingsandbox.com/product/393,3
394,Deluxe Catnip,PageTurner,Pet Supplies,95.29,,High-quality deluxe catnip from PageTurner. Perfect for everyday use. Features premium materials and thoughtful design. This pet supplies product has been carefully crafted to meet the highest standards of quality and performance.,https://placehold.co/400x400/f97316/ffffff?text=Catnip,"dogs, cats, grooming",SKU-PET-0394,True,3.9,4,2023-09-05T00:00:00.000Z,https://scrapingsandbox.com/product/394,3
395,Advanced Zinc Tablets,PageTurner,Health,57.79,84.45,High-quality advanced zinc tablets from PageTurner. Perfect for everyday use. Features premium materials and thoughtful design. This health product has been carefully crafted to meet the highest standards of quality and performance.,https://placehold.co/400x400/84cc16/ffffff?text=Zinc,medical,SKU-HEA-0395,True,3.0,298,2022-10-25T00:00:00.000Z,https://scrapingsandbox.com/product/395,3
396,Professional Popcorn Pack,ArtisanHub,Food & Beverage,52.95,,High-quality professional popcorn pack from ArtisanHub. Perfect for everyday use. Features premium materials and thoughtful design. This food & beverage product has been carefully crafted to meet the highest standards of quality and performance.,https://placehold.co/400x400/f97316/ffffff?text=Popcorn,snacks,SKU-FOO-0396,True,4.1,250,2022-01-10T00:00:00.000Z,https://scrapingsandbox.com/product/396,4
397,Pro Denim Jacket,ArtisanHub,Clothing,148.24,,High-quality pro denim jacket from ArtisanHub. Perfect for everyday use. Features premium materials and thoughtful design. This clothing product has been carefully crafted to meet the highest standards of quality and performance.,https://placehold.co/400x400/ec4899/ffffff?text=Denim,"fashion, casual, unisex",SKU-CLO-0397,True,4.7,386,2023-09-02T00:00:00.000Z,https://scrapingsandbox.com/product/397,3
398,Lightweight Beanie,PlayZone,Clothing,98.1,131.38,High-quality lightweight beanie from PlayZone. Perfect for everyday use. Features premium materials and thoughtful design. This clothing product has been carefully crafted to meet the highest standards of quality and performance.,https://placehold.co/400x400/84cc16/ffffff?text=Beanie,"apparel, casual",SKU-CLO-0398,True,3.4,176,2023-05-05T00:00:00.000Z,https://scrapingsandbox.com/product/398,4
399,Handcrafted Notebook,DeskMate,Office Supplies,164.89,228.44,High-quality handcrafted notebook from DeskMate. Perfect for everyday use. Features premium materials and thoughtful design. This office supplies product has been carefully crafted to meet the highest standards of quality and performance.,https://placehold.co/400x400/84cc16/ffffff?text=Notebook,"desk, school",SKU-OFF-0399,True,3.9,307,2022-09-04T00:00:00.000Z,https://scrapingsandbox.com/product/399,4
400,Limited Edition Bluetooth Speaker,ArtisanHub,Electronics,20.98,,High-quality limited edition bluetooth speaker from ArtisanHub. Perfect for everyday use. Features premium materials and thoughtful design. This electronics product has been carefully crafted to meet the highest standards of quality and performance.,https://placehold.co/400x400/ec4899/ffffff?text=Bluetooth,"gadgets, USB",SKU-ELE-0400,True,3.5,365,2022-01-08T00:00:00.000Z,https://scrapingsandbox.com/product/400,3
401,Professional Flannel Shirt,NovaTech,Clothing,171.02,216.25,High-quality professional flannel shirt from NovaTech. Perfect for everyday use. Features premium materials and thoughtful design. This clothing product has been carefully crafted to meet the highest standards of quality and performance.,https://placehold.co/400x400/3b82f6/ffffff?text=Flannel,"fashion, apparel, casual",SKU-CLO-0401,True,4.7,110,2023-06-12T00:00:00.000Z,https://scrapingsandbox.com/product/401,3
402,Vintage Marble Run,ArtisanHub,Toys,21.51,,High-quality vintage marble run from ArtisanHub. Perfect for everyday use. Features premium materials and thoughtful design. This toys product has been carefully crafted to meet the highest standards of quality and performance.,https://placehold.co/400x400/ef4444/ffffff?text=Marble,"kids, games, educational",SKU-TOY-0402,True,4.1,233,2023-01-10T00:00:00.000Z,https://scrapingsandbox.com/product/402,3
403,Pro Self-Help Guide,NovaTech,Books,43.95,53.98,High-quality pro self-help guide from NovaTech. Perfect for everyday use. Features premium materials and thoughtful design. This books product has been carefully crafted to meet the highest standards of quality and performance.,https://placehold.co/400x400/ef4444/ffffff?text=Self-Help,reading,SKU-BOO-0403,False,4.0,14,2022-11-08T00:00:00.000Z,https://scrapingsandbox.com/product/403,5
404,Limited Edition Calculator,SparkleBox,Office Supplies,47.37,64.94,High-quality limited edition calculator from SparkleBox. Perfect for everyday use. Features premium materials and thoughtful design. This office supplies product has been carefully crafted to meet the highest standards of quality and performance.,https://placehold.co/400x400/10b981/ffffff?text=Calculator,"stationery, organization, work",SKU-OFF-0404,False,5.0,17,2022-05-22T00:00:00.000Z,https://scrapingsandbox.com/product/404,5
405,Compact Popcorn Pack,SparkleBox,Food & Beverage,168.65,,High-quality compact popcorn pack from SparkleBox. Perfect for everyday use. Features premium materials and thoughtful design. This food & beverage product has been carefully crafted to meet the highest standards of quality and performance.,https://placehold.co/400x400/84cc16/ffffff?text=Popcorn,"drinks, artisan",SKU-FOO-0405,True,3.2,181,2023-02-06T00:00:00.000Z,https://scrapingsandbox.com/product/405,2
406,Handcrafted Conditioner,AutoParts Pro,Beauty,76.63,104.01,High-quality handcrafted conditioner from AutoParts Pro. Perfect for everyday use. Features premium materials and thoughtful design. This beauty product has been carefully crafted to meet the highest standards of quality and performance.,https://placehold.co/400x400/f59e0b/ffffff?text=Conditioner,"skincare, cosmetics",SKU-BEA-0406,True,4.8,202,2022-12-11T00:00:00.000Z,https://scrapingsandbox.com/product/406,2
407,Ultra Cat Tree,VitalLife,Pet Supplies,15.1,23.7,High-quality ultra cat tree from VitalLife. Perfect for everyday use. Features premium materials and thoughtful design. This pet supplies product has been carefully crafted to meet the highest standards of quality and performance.,https://placehold.co/400x400/3b82f6/ffffff?text=Cat,"dogs, cats, pets",SKU-PET-0407,True,3.0,415,2023-03-27T00:00:00.000Z,https://scrapingsandbox.com/product/407,3
408,Organic Hot Sauce,TasteBud,Food & Beverage,139.44,,High-quality organic hot sauce from TasteBud. Perfect for everyday use. Features premium materials and thoughtful design. This food & beverage product has been carefully crafted to meet the highest standards of quality and performance.,https://placehold.co/400x400/ef4444/ffffff?text=Hot,"organic, artisan",SKU-FOO-0408,True,4.8,227,2023-12-23T00:00:00.000Z,https://scrapingsandbox.com/product/408,4
409,Compact Litter Box,DeskMate,Pet Supplies,101.33,,High-quality compact litter box from DeskMate. Perfect for everyday use. Features premium materials and thoughtful design. This pet supplies product has been carefully crafted to meet the highest standards of quality and performance.,https://placehold.co/400x400/8b5cf6/ffffff?text=Litter,food,SKU-PET-0409,True,3.5,216,2023-12-12T00:00:00.000Z,https://scrapingsandbox.com/product/409,2
410,Wireless Sweatband,PlayZone,Sports,16.35,,High-quality wireless sweatband from PlayZone. Perfect for everyday use. Features premium materials and thoughtful design. This sports product has been carefully crafted to meet the highest standards of quality and performance.,https://placehold.co/400x400/ec4899/ffffff?text=Sweatband,fitness,SKU-SPO-0410,True,3.4,186,2022-02-24T00:00:00.000Z,https://scrapingsandbox.com/product/410,4
411,Lightweight Sketchbook,NovaTech,Art,116.88,,High-quality lightweight sketchbook from NovaTech. Perfect for everyday use. Features premium materials and thoughtful design. This art product has been carefully crafted to meet the highest standards of quality and performance.,https://placehold.co/400x400/84cc16/ffffff?text=Sketchbook,"drawing, crafts",SKU-ART-0411,True,4.7,319,2022-01-06T00:00:00.000Z,https://scrapingsandbox.com/product/411,4
412,Portable Art Portfolio,TasteBud,Art,181.73,,High-quality portable art portfolio from TasteBud. Perfect for everyday use. Features premium materials and thoughtful design. This art product has been carefully crafted to meet the highest standards of quality and performance.,https://placehold.co/400x400/8b5cf6/ffffff?text=Art,painting,SKU-ART-0412,True,4.5,87,2022-01-12T00:00:00.000Z,https://scrapingsandbox.com/product/412,2
413,Smart Hot Sauce,NovaTech,Food & Beverage,203.21,330.47,High-quality smart hot sauce from NovaTech. Perfect for everyday use. Features premium materials and thoughtful design. This food & beverage product has been carefully crafted to meet the highest standards of quality and performance.,https://placehold.co/400x400/ec4899/ffffff?text=Hot,"organic, gourmet, drinks",SKU-FOO-0413,True,4.1,76,2022-05-04T00:00:00.000Z,https://scrapingsandbox.com/product/413,4
414,Limited Edition Dash Cam,TasteBud,Automotive,124.89,,High-quality limited edition dash cam from TasteBud. Perfect for everyday use. Features premium materials and thoughtful design. This automotive product has been carefully crafted to meet the highest standards of quality and performance.,https://placehold.co/400x400/06b6d4/ffffff?text=Dash,"car, travel",SKU-AUT-0414,False,4.6,307,2022-01-04T00:00:00.000Z,https://scrapingsandbox.com/product/414,5
415,Portable Exfoliator,ProGear,Beauty,112.25,,High-quality portable exfoliator from ProGear. Perfect for everyday use. Features premium materials and thoughtful design. This beauty product has been carefully crafted to meet the highest standards of quality and performance.,https://placehold.co/400x400/6366f1/ffffff?text=Exfoliator,"self-care, vegan",SKU-BEA-0415,True,4.8,405,2022-12-03T00:00:00.000Z,https://scrapingsandbox.com/product/415,4
416,Vintage Scale,AutoParts Pro,Health,152.49,,High-quality vintage scale from AutoParts Pro. Perfect for everyday use. Features premium materials and thoughtful design. This health product has been carefully crafted to meet the highest standards of quality and performance.,https://placehold.co/400x400/ef4444/ffffff?text=Scale,"medical, natural, fitness",SKU-HEA-0416,True,3.5,136,2023-12-22T00:00:00.000Z,https://scrapingsandbox.com/product/416,4
417,Lightweight Webcam,DeskMate,Electronics,171.45,282.26,High-quality lightweight webcam from DeskMate. Perfect for everyday use. Features premium materials and thoughtful design. This electronics product has been carefully crafted to meet the highest standards of quality and performance.,https://placehold.co/400x400/06b6d4/ffffff?text=Webcam,"tech, wireless",SKU-ELE-0417,True,4.6,265,2022-04-30T00:00:00.000Z,https://scrapingsandbox.com/product/417,2
418,Vintage Towel Set,ArtisanHub,Home & Garden,121.47,,High-quality vintage towel set from ArtisanHub. Perfect for everyday use. Features premium materials and thoughtful design. This home & garden product has been carefully crafted to meet the highest standards of quality and performance.,https://placehold.co/400x400/ef4444/ffffff?text=Towel,"living room, garden",SKU-HOM-0418,True,3.6,319,2022-11-10T00:00:00.000Z,https://scrapingsandbox.com/product/418,2
419,Ultra Pet Carrier,PawPal,Pet Supplies,25.22,,High-quality ultra pet carrier from PawPal. Perfect for everyday use. Features premium materials and thoughtful design. This pet supplies product has been carefully crafted to meet the highest standards of quality and performance.,https://placehold.co/400x400/ec4899/ffffff?text=Pet,"dogs, pets, food",SKU-PET-0419,True,3.5,205,2023-07-12T00:00:00.000Z,https://scrapingsandbox.com/product/419,5
420,Heavy-Duty Dumbbell Set,ArtisanHub,Sports,78.71,,High-quality heavy-duty dumbbell set from ArtisanHub. Perfect for everyday use. Features premium materials and thoughtful design. This sports product has been carefully crafted to meet the highest standards of quality and performance.,https://placehold.co/400x400/ef4444/ffffff?text=Dumbbell,"outdoor, gym",SKU-SPO-0420,True,4.8,493,2023-10-30T00:00:00.000Z,https://scrapingsandbox.com/product/420,2
421,Modern Synthesizer Patch,PageTurner,Music,43.21,61.19,High-quality modern synthesizer patch from PageTurner. Perfect for everyday use. Features premium materials and thoughtful design. This music product has been carefully crafted to meet the highest standards of quality and performance.,https://placehold.co/400x400/6366f1/ffffff?text=Synthesizer,"instruments, performance",SKU-MUS-0421,False,3.9,54,2023-07-06T00:00:00.000Z,https://scrapingsandbox.com/product/421,2
422,Pro Music Stand,PawPal,Music,156.18,263.2,High-quality pro music stand from PawPal. Perfect for everyday use. Features premium materials and thoughtful design. This music product has been carefully crafted to meet the highest standards of quality and performance.,https://placehold.co/400x400/f97316/ffffff?text=Music,"instruments, audio",SKU-MUS-0422,True,3.4,450,2022-05-28T00:00:00.000Z,https://scrapingsandbox.com/product/422,2
423,Portable Floor Mat,PageTurner,Automotive,130.9,220.86,High-quality portable floor mat from PageTurner. Perfect for everyday use. Features premium materials and thoughtful design. This automotive product has been carefully crafted to meet the highest standards of quality and performance.,https://placehold.co/400x400/3b82f6/ffffff?text=Floor,"car, maintenance",SKU-AUT-0423,True,3.2,449,2022-07-09T00:00:00.000Z,https://scrapingsandbox.com/product/423,2
424,Modern Car Charger,TechVault,Automotive,59.51,80.02,High-quality modern car charger from TechVault. Perfect for everyday use. Features premium materials and thoughtful design. This automotive product has been carefully crafted to meet the highest standards of quality and performance.,https://placehold.co/400x400/06b6d4/ffffff?text=Car,"car, travel, safety",SKU-AUT-0424,True,3.2,435,2023-11-06T00:00:00.000Z,https://scrapingsandbox.com/product/424,5
425,Limited Edition Cat Tree,VitalLife,Pet Supplies,15.0,18.8,High-quality limited edition cat tree from VitalLife. Perfect for everyday use. Features premium materials and thoughtful design. This pet supplies product has been carefully crafted to meet the highest standards of quality and performance.,https://placehold.co/400x400/3b82f6/ffffff?text=Cat,"cats, pets",SKU-PET-0425,True,4.4,192,2022-03-13T00:00:00.000Z,https://scrapingsandbox.com/product/425,3
426,Advanced Pasta Set,NovaTech,Food & Beverage,182.57,,High-quality advanced pasta set from NovaTech. Perfect for everyday use. Features premium materials and thoughtful design. This food & beverage product has been carefully crafted to meet the highest standards of quality and performance.,https://placehold.co/400x400/f59e0b/ffffff?text=Pasta,drinks,SKU-FOO-0426,False,3.5,282,2023-10-13T00:00:00.000Z,https://scrapingsandbox.com/product/426,2
427,Vintage Tennis Balls,StyleCraft,Sports,195.69,329.49,High-quality vintage tennis balls from StyleCraft. Perfect for everyday use. Features premium materials and thoughtful design. This sports product has been carefully crafted to meet the highest standards of quality and performance.,https://placehold.co/400x400/f59e0b/ffffff?text=Tennis,"fitness, outdoor",SKU-SPO-0427,True,3.3,83,2022-08-24T00:00:00.000Z,https://scrapingsandbox.com/product/427,5
428,Vintage Brush Kit,ArtisanHub,Art,79.2,,High-quality vintage brush kit from ArtisanHub. Perfect for everyday use. Features premium materials and thoughtful design. This art product has been carefully crafted to meet the highest standards of quality and performance.,https://placehold.co/400x400/3b82f6/ffffff?text=Brush,"creative, crafts",SKU-ART-0428,False,3.8,368,2023-10-23T00:00:00.000Z,https://scrapingsandbox.com/product/428,4
429,Handcrafted Skipping Rope,PawPal,Sports,170.8,,High-quality handcrafted skipping rope from PawPal. Perfect for everyday use. Features premium materials and thoughtful design. This sports product has been carefully crafted to meet the highest standards of quality and performance.,https://placehold.co/400x400/84cc16/ffffff?text=Skipping,"fitness, workout",SKU-SPO-0429,True,4.6,107,2022-10-06T00:00:00.000Z,https://scrapingsandbox.com/product/429,5
430,Eco-Friendly Tennis Balls,GlowUp,Sports,49.39,65.75,High-quality eco-friendly tennis balls from GlowUp. Perfect for everyday use. Features premium materials and thoughtful design. This sports product has been carefully crafted to meet the highest standards of quality and performance.,https://placehold.co/400x400/10b981/ffffff?text=Tennis,"fitness, workout, outdoor",SKU-SPO-0430,True,3.5,58,2023-09-20T00:00:00.000Z,https://scrapingsandbox.com/product/430,5
431,Classic LED Desk Lamp,MindBooks,Electronics,104.95,,High-quality classic led desk lamp from MindBooks. Perfect for everyday use. Features premium materials and thoughtful design. This electronics product has been carefully crafted to meet the highest standards of quality and performance.,https://placehold.co/400x400/f97316/ffffff?text=LED,"tech, gadgets, wireless",SKU-ELE-0431,True,4.7,16,2023-08-26T00:00:00.000Z,https://scrapingsandbox.com/product/431,3
432,Professional Paint Set,NovaTech,Art,146.73,248.19,High-quality professional paint set from NovaTech. Perfect for everyday use. Features premium materials and thoughtful design. This art product has been carefully crafted to meet the highest standards of quality and performance.,https://placehold.co/400x400/84cc16/ffffff?text=Paint,"supplies, creative, painting",SKU-ART-0432,True,3.6,162,2022-07-06T00:00:00.000Z,https://scrapingsandbox.com/product/432,5
433,Lightweight Chain,PageTurner,Jewelry,8.63,13.95,High-quality lightweight chain from PageTurner. Perfect for everyday use. Features premium materials and thoughtful design. This jewelry product has been carefully crafted to meet the highest standards of quality and performance.,https://placehold.co/400x400/6366f1/ffffff?text=Chain,"accessories, handmade, fashion",SKU-JEW-0433,False,3.3,486,2023-12-15T00:00:00.000Z,https://scrapingsandbox.com/product/433,5
434,Organic Face Serum,SoundWave,Beauty,104.4,,High-quality organic face serum from SoundWave. Perfect for everyday use. Features premium materials and thoughtful design. This beauty product has been carefully crafted to meet the highest standards of quality and performance.,https://placehold.co/400x400/8b5cf6/ffffff?text=Face,"skincare, cosmetics, self-care",SKU-BEA-0434,True,4.6,53,2022-02-06T00:00:00.000Z,https://scrapingsandbox.com/product/434,3
435,Limited Edition Label Maker,PlayZone,Office Supplies,91.83,150.94,High-quality limited edition label maker from PlayZone. Perfect for everyday use. Features premium materials and thoughtful design. This office supplies product has been carefully crafted to meet the highest standards of quality and performance.,https://placehold.co/400x400/84cc16/ffffff?text=Label,"organization, work",SKU-OFF-0435,True,3.1,399,2022-11-04T00:00:00.000Z,https://scrapingsandbox.com/product/435,4
436,Heavy-Duty Coaster Set,PlayZone,Home & Garden,148.85,,High-quality heavy-duty coaster set from PlayZone. Perfect for everyday use. Features premium materials and thoughtful design. This home & garden product has been carefully crafted to meet the highest standards of quality and performance.,https://placehold.co/400x400/8b5cf6/ffffff?text=Coaster,"kitchen, living room, garden",SKU-HOM-0436,True,4.5,492,2022-11-08T00:00:00.000Z,https://scrapingsandbox.com/product/436,2
437,Smart Pen Set,CozyCorner,Office Supplies,114.75,173.87,High-quality smart pen set from CozyCorner. Perfect for everyday use. Features premium materials and thoughtful design. This office supplies product has been carefully crafted to meet the highest standards of quality and performance.,https://placehold.co/400x400/ef4444/ffffff?text=Pen,"desk, organization",SKU-OFF-0437,True,3.6,124,2023-04-15T00:00:00.000Z,https://scrapingsandbox.com/product/437,4
438,Portable Hoodie,UrbanThread,Clothing,189.43,,High-quality portable hoodie from UrbanThread. Perfect for everyday use. Features premium materials and thoughtful design. This clothing product has been carefully crafted to meet the highest standards of quality and performance.,https://placehold.co/400x400/3b82f6/ffffff?text=Hoodie,unisex,SKU-CLO-0438,True,4.2,373,2022-04-12T00:00:00.000Z,https://scrapingsandbox.com/product/438,3
439,Portable Coloring Book,PlayZone,Books,92.44,,High-quality portable coloring book from PlayZone. Perfect for everyday use. Features premium materials and thoughtful design. This books product has been carefully crafted to meet the highest standards of quality and performance.,https://placehold.co/400x400/ef4444/ffffff?text=Coloring,"literature, paperback",SKU-BOO-0439,False,4.7,365,2023-07-16T00:00:00.000Z,https://scrapingsandbox.com/product/439,4
440,Lightweight Sunglasses,TasteBud,Clothing,13.69,19.55,High-quality lightweight sunglasses from TasteBud. Perfect for everyday use. Features premium materials and thoughtful design. This clothing product has been carefully crafted to meet the highest standards of quality and performance.,https://placehold.co/400x400/3b82f6/ffffff?text=Sunglasses,"fashion, apparel, streetwear",SKU-CLO-0440,True,4.8,476,2023-02-09T00:00:00.000Z,https://scrapingsandbox.com/product/440,3
441,Compact Hair Pin,TasteBud,Jewelry,24.18,,High-quality compact hair pin from TasteBud. Perfect for everyday use. Features premium materials and thoughtful design. This jewelry product has been carefully crafted to meet the highest standards of quality and performance.,https://placehold.co/400x400/f59e0b/ffffff?text=Hair,"sterling, fashion",SKU-JEW-0441,True,3.4,225,2022-03-06T00:00:00.000Z,https://scrapingsandbox.com/product/441,3
442,Eco-Friendly SSD Drive,ProGear,Electronics,37.34,,High-quality eco-friendly ssd drive from ProGear. Perfect for everyday use. Features premium materials and thoughtful design. This electronics product has been carefully crafted to meet the highest standards of quality and performance.,https://placehold.co/400x400/8b5cf6/ffffff?text=SSD,gadgets,SKU-ELE-0442,False,3.2,79,2023-03-04T00:00:00.000Z,https://scrapingsandbox.com/product/442,3
443,Professional Whiteboard,SoundWave,Office Supplies,38.11,,High-quality professional whiteboard from SoundWave. Perfect for everyday use. Features premium materials and thoughtful design. This office supplies product has been carefully crafted to meet the highest standards of quality and performance.,https://placehold.co/400x400/10b981/ffffff?text=Whiteboard,desk,SKU-OFF-0443,True,4.8,264,2023-06-04T00:00:00.000Z,https://scrapingsandbox.com/product/443,4
444,Classic Skipping Rope,TasteBud,Sports,80.22,,High-quality classic skipping rope from TasteBud. Perfect for everyday use. Features premium materials and thoughtful design. This sports product has been carefully crafted to meet the highest standards of quality and performance.,https://placehold.co/400x400/84cc16/ffffff?text=Skipping,outdoor,SKU-SPO-0444,True,3.3,13,2022-01-09T00:00:00.000Z,https://scrapingsandbox.com/product/444,3
445,Pro Dollhouse,SoundWave,Toys,12.0,,High-quality pro dollhouse from SoundWave. Perfect for everyday use. Features premium materials and thoughtful design. This toys product has been carefully crafted to meet the highest standards of quality and performance.,https://placehold.co/400x400/84cc16/ffffff?text=Dollhouse,"games, fun, educational",SKU-TOY-0445,True,4.0,63,2022-06-14T00:00:00.000Z,https://scrapingsandbox.com/product/445,1
446,Limited Edition Pendant,CozyCorner,Jewelry,98.13,148.5,High-quality limited edition pendant from CozyCorner. Perfect for everyday use. Features premium materials and thoughtful design. This jewelry product has been carefully crafted to meet the highest standards of quality and performance.,https://placehold.co/400x400/f97316/ffffff?text=Pendant,"luxury, handmade, sterling",SKU-JEW-0446,True,4.4,400,2022-05-18T00:00:00.000Z,https://scrapingsandbox.com/product/446,4
447,Advanced Correction Tape,VitalLife,Office Supplies,39.66,,High-quality advanced correction tape from VitalLife. Perfect for everyday use. Features premium materials and thoughtful design. This office supplies product has been carefully crafted to meet the highest standards of quality and performance.,https://placehold.co/400x400/84cc16/ffffff?text=Correction,"desk, organization",SKU-OFF-0447,True,4.0,477,2023-09-21T00:00:00.000Z,https://scrapingsandbox.com/product/447,3
448,Advanced Screen Protector,PawPal,Electronics,186.81,,High-quality advanced screen protector from PawPal. Perfect for everyday use. Features premium materials and thoughtful design. This electronics product has been carefully crafted to meet the highest standards of quality and performance.,https://placehold.co/400x400/f59e0b/ffffff?text=Screen,"tech, gadgets, USB",SKU-ELE-0448,True,4.3,282,2023-06-30T00:00:00.000Z,https://scrapingsandbox.com/product/448,5
449,Compact Spark Plug,StyleCraft,Automotive,108.04,,High-quality compact spark plug from StyleCraft. Perfect for everyday use. Features premium materials and thoughtful design. This automotive product has been carefully crafted to meet the highest standards of quality and performance.,https://placehold.co/400x400/6366f1/ffffff?text=Spark,"car, travel",SKU-AUT-0449,False,4.5,226,2022-04-27T00:00:00.000Z,https://scrapingsandbox.com/product/449,3
450,Limited Edition Floor Mat,CozyCorner,Automotive,127.16,,High-quality limited edition floor mat from CozyCorner. Perfect for everyday use. Features premium materials and thoughtful design. This automotive product has been carefully crafted to meet the highest standards of quality and performance.,https://placehold.co/400x400/10b981/ffffff?text=Floor,"accessories, maintenance",SKU-AUT-0450,True,3.2,490,2023-04-04T00:00:00.000Z,https://scrapingsandbox.com/product/450,4
451,Pro Hoodie,UrbanThread,Clothing,72.15,,High-quality pro hoodie from UrbanThread. Perfect for everyday use. Features premium materials and thoughtful design. This clothing product has been carefully crafted to meet the highest standards of quality and performance.,https://placehold.co/400x400/06b6d4/ffffff?text=Hoodie,streetwear,SKU-CLO-0451,True,4.9,120,2022-07-31T00:00:00.000Z,https://scrapingsandbox.com/product/451,3
452,Portable Ab Wheel,UrbanThread,Sports,65.37,,High-quality portable ab wheel from UrbanThread. Perfect for everyday use. Features premium materials and thoughtful design. This sports product has been carefully crafted to meet the highest standards of quality and performance.,https://placehold.co/400x400/10b981/ffffff?text=Ab,"training, gym",SKU-SPO-0452,False,4.7,31,2022-08-17T00:00:00.000Z,https://scrapingsandbox.com/product/452,4
453,Pro Ice Scraper,StyleCraft,Automotive,76.87,,High-quality pro ice scraper from StyleCraft. Perfect for everyday use. Features premium materials and thoughtful design. This automotive product has been carefully crafted to meet the highest standards of quality and performance.,https://placehold.co/400x400/8b5cf6/ffffff?text=Ice,"maintenance, travel",SKU-AUT-0453,True,4.7,233,2022-02-17T00:00:00.000Z,https://scrapingsandbox.com/product/453,5
454,Handcrafted SSD Drive,VitalLife,Electronics,142.86,198.79,High-quality handcrafted ssd drive from VitalLife. Perfect for everyday use. Features premium materials and thoughtful design. This electronics product has been carefully crafted to meet the highest standards of quality and performance.,https://placehold.co/400x400/ec4899/ffffff?text=SSD,digital,SKU-ELE-0454,True,3.6,347,2023-08-27T00:00:00.000Z,https://scrapingsandbox.com/product/454,4
455,Classic Tea Collection,HomeNest,Food & Beverage,130.9,,High-quality classic tea collection from HomeNest. Perfect for everyday use. Features premium materials and thoughtful design. This food & beverage product has been carefully crafted to meet the highest standards of quality and performance.,https://placehold.co/400x400/84cc16/ffffff?text=Tea,"gourmet, drinks",SKU-FOO-0455,True,3.1,228,2023-05-05T00:00:00.000Z,https://scrapingsandbox.com/product/455,4
456,Essential Floor Mat,TasteBud,Automotive,129.18,193.27,High-quality essential floor mat from TasteBud. Perfect for everyday use. Features premium materials and thoughtful design. This automotive product has been carefully crafted to meet the highest standards of quality and performance.,https://placehold.co/400x400/3b82f6/ffffff?text=Floor,"car, accessories, safety",SKU-AUT-0456,True,3.3,430,2022-02-08T00:00:00.000Z,https://scrapingsandbox.com/product/456,4
457,Compact Board Game,PageTurner,Toys,102.16,,High-quality compact board game from PageTurner. Perfect for everyday use. Features premium materials and thoughtful design. This toys product has been carefully crafted to meet the highest standards of quality and performance.,https://placehold.co/400x400/f97316/ffffff?text=Board,"kids, games, fun",SKU-TOY-0457,True,4.6,222,2022-06-18T00:00:00.000Z,https://scrapingsandbox.com/product/457,5
458,Premium Guitar Strings,DeskMate,Music,166.64,266.95,High-quality premium guitar strings from DeskMate. Perfect for everyday use. Features premium materials and thoughtful design. This music product has been carefully crafted to meet the highest standards of quality and performance.,https://placehold.co/400x400/84cc16/ffffff?text=Guitar,"instruments, audio, recording",SKU-MUS-0458,True,4.8,291,2023-04-23T00:00:00.000Z,https://scrapingsandbox.com/product/458,3
459,Compact Olive Oil,ProGear,Food & Beverage,188.11,,High-quality compact olive oil from ProGear. Perfect for everyday use. Features premium materials and thoughtful design. This food & beverage product has been carefully crafted to meet the highest standards of quality and performance.,https://placehold.co/400x400/ec4899/ffffff?text=Olive,"organic, snacks, drinks",SKU-FOO-0459,True,4.8,192,2023-08-27T00:00:00.000Z,https://scrapingsandbox.com/product/459,2
460,Handcrafted Paint Set,PageTurner,Art,30.3,,High-quality handcrafted paint set from PageTurner. Perfect for everyday use. Features premium materials and thoughtful design. This art product has been carefully crafted to meet the highest standards of quality and performance.,https://placehold.co/400x400/10b981/ffffff?text=Paint,"supplies, creative, drawing",SKU-ART-0460,True,4.4,362,2022-04-01T00:00:00.000Z,https://scrapingsandbox.com/product/460,2
461,Vintage Cufflinks,HomeNest,Jewelry,175.08,255.69,High-quality vintage cufflinks from HomeNest. Perfect for everyday use. Features premium materials and thoughtful design. This jewelry product has been carefully crafted to meet the highest standards of quality and performance.,https://placehold.co/400x400/3b82f6/ffffff?text=Cufflinks,"luxury, fashion",SKU-JEW-0461,True,4.3,296,2023-01-26T00:00:00.000Z,https://scrapingsandbox.com/product/461,3
462,Ultra Clock,TechVault,Home & Garden,150.28,204.96,High-quality ultra clock from TechVault. Perfect for everyday use. Features premium materials and thoughtful design. This home & garden product has been carefully crafted to meet the highest standards of quality and performance.,https://placehold.co/400x400/10b981/ffffff?text=Clock,"decor, kitchen, cozy",SKU-HOM-0462,True,3.7,290,2023-03-22T00:00:00.000Z,https://scrapingsandbox.com/product/462,3
463,Vintage Coconut Water,PageTurner,Food & Beverage,185.58,,High-quality vintage coconut water from PageTurner. Perfect for everyday use. Features premium materials and thoughtful design. This food & beverage product has been carefully crafted to meet the highest standards of quality and performance.,https://placehold.co/400x400/8b5cf6/ffffff?text=Coconut,"organic, gourmet",SKU-FOO-0463,True,4.7,344,2022-09-14T00:00:00.000Z,https://scrapingsandbox.com/product/463,4
464,Smart Pop Filter,VitalLife,Music,136.32,197.59,High-quality smart pop filter from VitalLife. Perfect for everyday use. Features premium materials and thoughtful design. This music product has been carefully crafted to meet the highest standards of quality and performance.,https://placehold.co/400x400/10b981/ffffff?text=Pop,"instruments, accessories, performance",SKU-MUS-0464,False,4.4,272,2022-03-29T00:00:00.000Z,https://scrapingsandbox.com/product/464,2
465,Portable Calligraphy Set,TasteBud,Art,49.68,,High-quality portable calligraphy set from TasteBud. Perfect for everyday use. Features premium materials and thoughtful design. This art product has been carefully crafted to meet the highest standards of quality and performance.,https://placehold.co/400x400/8b5cf6/ffffff?text=Calligraphy,supplies,SKU-ART-0465,True,3.8,323,2022-01-08T00:00:00.000Z,https://scrapingsandbox.com/product/465,5
466,Essential Stencil Set,FitPro,Art,72.64,,High-quality essential stencil set from FitPro. Perfect for everyday use. Features premium materials and thoughtful design. This art product has been carefully crafted to meet the highest standards of quality and performance.,https://placehold.co/400x400/84cc16/ffffff?text=Stencil,"supplies, painting",SKU-ART-0466,False,4.4,147,2022-03-28T00:00:00.000Z,https://scrapingsandbox.com/product/466,2
467,Ultra Locket,VitalLife,Jewelry,132.16,196.07,High-quality ultra locket from VitalLife. Perfect for everyday use. Features premium materials and thoughtful design. This jewelry product has been carefully crafted to meet the highest standards of quality and performance.,https://placehold.co/400x400/6366f1/ffffff?text=Locket,"luxury, sterling, fashion",SKU-JEW-0467,True,3.5,303,2023-01-20T00:00:00.000Z,https://scrapingsandbox.com/product/467,5
468,Premium Stencil Set,StyleCraft,Art,15.32,23.65,High-quality premium stencil set from StyleCraft. Perfect for everyday use. Features premium materials and thoughtful design. This art product has been carefully crafted to meet the highest standards of quality and performance.,https://placehold.co/400x400/3b82f6/ffffff?text=Stencil,"creative, drawing, painting",SKU-ART-0468,False,4.2,7,2023-01-09T00:00:00.000Z,https://scrapingsandbox.com/product/468,4
469,Eco-Friendly Charm,ArtisanHub,Jewelry,34.87,,High-quality eco-friendly charm from ArtisanHub. Perfect for everyday use. Features premium materials and thoughtful design. This jewelry product has been carefully crafted to meet the highest standards of quality and performance.,https://placehold.co/400x400/f59e0b/ffffff?text=Charm,"accessories, handmade",SKU-JEW-0469,True,4.4,146,2023-11-10T00:00:00.000Z,https://scrapingsandbox.com/product/469,3
470,Lightweight Laptop Sleeve,PageTurner,Electronics,72.93,,High-quality lightweight laptop sleeve from PageTurner. Perfect for everyday use. Features premium materials and thoughtful design. This electronics product has been carefully crafted to meet the highest standards of quality and performance.,https://placehold.co/400x400/ec4899/ffffff?text=Laptop,"gadgets, digital",SKU-ELE-0470,True,3.7,223,2023-08-07T00:00:00.000Z,https://scrapingsandbox.com/product/470,3
471,Compact Ice Scraper,TechVault,Automotive,29.03,,High-quality compact ice scraper from TechVault. Perfect for everyday use. Features premium materials and thoughtful design. This automotive product has been carefully crafted to meet the highest standards of quality and performance.,https://placehold.co/400x400/06b6d4/ffffff?text=Ice,"car, accessories, travel",SKU-AUT-0471,False,4.8,394,2022-10-19T00:00:00.000Z,https://scrapingsandbox.com/product/471,2
472,Eco-Friendly Picture Frame,TasteBud,Home & Garden,59.95,,High-quality eco-friendly picture frame from TasteBud. Perfect for everyday use. Features premium materials and thoughtful design. This home & garden product has been carefully crafted to meet the highest standards of quality and performance.,https://placehold.co/400x400/84cc16/ffffff?text=Picture,"living room, garden",SKU-HOM-0472,False,3.4,202,2022-07-29T00:00:00.000Z,https://scrapingsandbox.com/product/472,3
473,Lightweight Massage Gun,SoundWave,Health,152.52,241.16,High-quality lightweight massage gun from SoundWave. Perfect for everyday use. Features premium materials and thoughtful design. This health product has been carefully crafted to meet the highest standards of quality and performance.,https://placehold.co/400x400/84cc16/ffffff?text=Massage,wellness,SKU-HEA-0473,True,3.2,249,2023-03-16T00:00:00.000Z,https://scrapingsandbox.com/product/473,4
474,Handcrafted Zinc Tablets,TechVault,Health,155.69,214.56,High-quality handcrafted zinc tablets from TechVault. Perfect for everyday use. Features premium materials and thoughtful design. This health product has been carefully crafted to meet the highest standards of quality and performance.,https://placehold.co/400x400/10b981/ffffff?text=Zinc,fitness,SKU-HEA-0474,True,4.5,191,2022-03-20T00:00:00.000Z,https://scrapingsandbox.com/product/474,4
475,Eco-Friendly Fixative Spray,AutoParts Pro,Art,199.19,257.28,High-quality eco-friendly fixative spray from AutoParts Pro. Perfect for everyday use. Features premium materials and thoughtful design. This art product has been carefully crafted to meet the highest standards of quality and performance.,https://placehold.co/400x400/06b6d4/ffffff?text=Fixative,"drawing, painting",SKU-ART-0475,True,3.7,211,2023-03-08T00:00:00.000Z,https://scrapingsandbox.com/product/475,5
476,Wireless Science Kit,AutoParts Pro,Toys,18.39,,High-quality wireless science kit from AutoParts Pro. Perfect for everyday use. Features premium materials and thoughtful design. This toys product has been carefully crafted to meet the highest standards of quality and performance.,https://placehold.co/400x400/8b5cf6/ffffff?text=Science,"kids, fun, educational",SKU-TOY-0476,True,4.3,323,2022-02-12T00:00:00.000Z,https://scrapingsandbox.com/product/476,5
477,Organic Polo Shirt,PageTurner,Clothing,30.02,,High-quality organic polo shirt from PageTurner. Perfect for everyday use. Features premium materials and thoughtful design. This clothing product has been carefully crafted to meet the highest standards of quality and performance.,https://placehold.co/400x400/10b981/ffffff?text=Polo,"fashion, streetwear, casual",SKU-CLO-0477,True,3.7,54,2022-11-23T00:00:00.000Z,https://scrapingsandbox.com/product/477,2
478,Compact Gym Bag,AutoParts Pro,Sports,13.39,,High-quality compact gym bag from AutoParts Pro. Perfect for everyday use. Features premium materials and thoughtful design. This sports product has been carefully crafted to meet the highest standards of quality and performance.,https://placehold.co/400x400/8b5cf6/ffffff?text=Gym,"fitness, workout, training",SKU-SPO-0478,True,3.4,245,2022-09-21T00:00:00.000Z,https://scrapingsandbox.com/product/478,5
479,Portable Throw Pillow,CozyCorner,Home & Garden,65.29,106.93,High-quality portable throw pillow from CozyCorner. Perfect for everyday use. Features premium materials and thoughtful design. This home & garden product has been carefully crafted to meet the highest standards of quality and performance.,https://placehold.co/400x400/f59e0b/ffffff?text=Throw,"decor, kitchen, living room",SKU-HOM-0479,True,3.4,355,2022-07-08T00:00:00.000Z,https://scrapingsandbox.com/product/479,4
480,Pro Highlighters,HomeNest,Office Supplies,151.15,,High-quality pro highlighters from HomeNest. Perfect for everyday use. Features premium materials and thoughtful design. This office supplies product has been carefully crafted to meet the highest standards of quality and performance.,https://placehold.co/400x400/6366f1/ffffff?text=Highlighters,"stationery, organization, school",SKU-OFF-0480,True,4.3,207,2022-02-18T00:00:00.000Z,https://scrapingsandbox.com/product/480,2
481,Premium Action Figure,SoundWave,Toys,116.38,,High-quality premium action figure from SoundWave. Perfect for everyday use. Features premium materials and thoughtful design. This toys product has been carefully crafted to meet the highest standards of quality and performance.,https://placehold.co/400x400/8b5cf6/ffffff?text=Action,"kids, educational, creative",SKU-TOY-0481,True,4.5,209,2022-09-06T00:00:00.000Z,https://scrapingsandbox.com/product/481,4
482,Pro Exfoliator,CozyCorner,Beauty,155.35,,High-quality pro exfoliator from CozyCorner. Perfect for everyday use. Features premium materials and thoughtful design. This beauty product has been carefully crafted to meet the highest standards of quality and performance.,https://placehold.co/400x400/3b82f6/ffffff?text=Exfoliator,skincare,SKU-BEA-0482,True,3.9,198,2023-09-20T00:00:00.000Z,https://scrapingsandbox.com/product/482,4
483,Lightweight Throw Pillow,AutoParts Pro,Home & Garden,170.73,253.01,High-quality lightweight throw pillow from AutoParts Pro. Perfect for everyday use. Features premium materials and thoughtful design. This home & garden product has been carefully crafted to meet the highest standards of quality and performance.,https://placehold.co/400x400/10b981/ffffff?text=Throw,"decor, kitchen, living room",SKU-HOM-0483,False,4.6,95,2023-09-21T00:00:00.000Z,https://scrapingsandbox.com/product/483,4
484,Organic Ab Wheel,NovaTech,Sports,35.29,56.31,High-quality organic ab wheel from NovaTech. Perfect for everyday use. Features premium materials and thoughtful design. This sports product has been carefully crafted to meet the highest standards of quality and performance.,https://placehold.co/400x400/3b82f6/ffffff?text=Ab,"outdoor, gym",SKU-SPO-0484,True,3.8,335,2023-08-19T00:00:00.000Z,https://scrapingsandbox.com/product/484,4
485,Professional Synthesizer Patch,NovaTech,Music,73.54,,High-quality professional synthesizer patch from NovaTech. Perfect for everyday use. Features premium materials and thoughtful design. This music product has been carefully crafted to meet the highest standards of quality and performance.,https://placehold.co/400x400/f97316/ffffff?text=Synthesizer,recording,SKU-MUS-0485,True,3.4,136,2023-09-13T00:00:00.000Z,https://scrapingsandbox.com/product/485,4
486,Smart Monitor Stand,MindBooks,Electronics,80.41,,High-quality smart monitor stand from MindBooks. Perfect for everyday use. Features premium materials and thoughtful design. This electronics product has been carefully crafted to meet the highest standards of quality and performance.,https://placehold.co/400x400/84cc16/ffffff?text=Monitor,"wireless, USB",SKU-ELE-0486,True,3.4,204,2023-12-07T00:00:00.000Z,https://scrapingsandbox.com/product/486,3
487,Classic USB-C Hub,GlowUp,Electronics,69.3,,High-quality classic usb-c hub from GlowUp. Perfect for everyday use. Features premium materials and thoughtful design. This electronics product has been carefully crafted to meet the highest standards of quality and performance.,https://placehold.co/400x400/ec4899/ffffff?text=USB-C,"tech, digital, wireless",SKU-ELE-0487,True,4.0,142,2022-05-30T00:00:00.000Z,https://scrapingsandbox.com/product/487,3
488,Heavy-Duty Beanie,NovaTech,Clothing,121.62,,High-quality heavy-duty beanie from NovaTech. Perfect for everyday use. Features premium materials and thoughtful design. This clothing product has been carefully crafted to meet the highest standards of quality and performance.,https://placehold.co/400x400/f59e0b/ffffff?text=Beanie,"apparel, streetwear, casual",SKU-CLO-0488,True,3.2,55,2023-10-11T00:00:00.000Z,https://scrapingsandbox.com/product/488,4
489,Portable Essential Oil,SoundWave,Health,13.89,,High-quality portable essential oil from SoundWave. Perfect for everyday use. Features premium materials and thoughtful design. This health product has been carefully crafted to meet the highest standards of quality and performance.,https://placehold.co/400x400/84cc16/ffffff?text=Essential,"wellness, medical, fitness",SKU-HEA-0489,True,4.6,394,2023-12-04T00:00:00.000Z,https://scrapingsandbox.com/product/489,3
490,Ultra Beanie,CozyCorner,Clothing,52.43,72.28,High-quality ultra beanie from CozyCorner. Perfect for everyday use. Features premium materials and thoughtful design. This clothing product has been carefully crafted to meet the highest standards of quality and performance.,https://placehold.co/400x400/ec4899/ffffff?text=Beanie,apparel,SKU-CLO-0490,True,3.5,474,2022-11-16T00:00:00.000Z,https://scrapingsandbox.com/product/490,5
491,Premium Fitness Tracker,DeskMate,Sports,122.51,190.53,High-quality premium fitness tracker from DeskMate. Perfect for everyday use. Features premium materials and thoughtful design. This sports product has been carefully crafted to meet the highest standards of quality and performance.,https://placehold.co/400x400/ec4899/ffffff?text=Fitness,"fitness, workout, outdoor",SKU-SPO-0491,False,3.9,209,2022-10-04T00:00:00.000Z,https://scrapingsandbox.com/product/491,3
492,Smart Tea Collection,PawPal,Food & Beverage,113.75,,High-quality smart tea collection from PawPal. Perfect for everyday use. Features premium materials and thoughtful design. This food & beverage product has been carefully crafted to meet the highest standards of quality and performance.,https://placehold.co/400x400/06b6d4/ffffff?text=Tea,"snacks, drinks",SKU-FOO-0492,False,3.7,190,2023-01-08T00:00:00.000Z,https://scrapingsandbox.com/product/492,4
493,Pro Pendant,PlayZone,Jewelry,178.56,245.2,High-quality pro pendant from PlayZone. Perfect for everyday use. Features premium materials and thoughtful design. This jewelry product has been carefully crafted to meet the highest standards of quality and performance.,https://placehold.co/400x400/10b981/ffffff?text=Pendant,"accessories, luxury, sterling",SKU-JEW-0493,True,4.3,24,2022-05-03T00:00:00.000Z,https://scrapingsandbox.com/product/493,4
494,Essential Hair Oil,ArtisanHub,Beauty,188.87,,High-quality essential hair oil from ArtisanHub. Perfect for everyday use. Features premium materials and thoughtful design. This beauty product has been carefully crafted to meet the highest standards of quality and performance.,https://placehold.co/400x400/84cc16/ffffff?text=Hair,"skincare, cosmetics",SKU-BEA-0494,False,3.2,289,2022-03-09T00:00:00.000Z,https://scrapingsandbox.com/product/494,3
495,Wireless Granola,UrbanThread,Food & Beverage,13.31,,High-quality wireless granola from UrbanThread. Perfect for everyday use. Features premium materials and thoughtful design. This food & beverage product has been carefully crafted to meet the highest standards of quality and performance.,https://placehold.co/400x400/84cc16/ffffff?text=Granola,"organic, gourmet, drinks",SKU-FOO-0495,False,4.9,464,2023-06-19T00:00:00.000Z,https://scrapingsandbox.com/product/495,2
496,Advanced Mystery Novel,CozyCorner,Books,9.72,11.95,High-quality advanced mystery novel from CozyCorner. Perfect for everyday use. Features premium materials and thoughtful design. This books product has been carefully crafted to meet the highest standards of quality and performance.,https://placehold.co/400x400/ef4444/ffffff?text=Mystery,"reading, education, bestseller",SKU-BOO-0496,True,3.1,155,2022-08-17T00:00:00.000Z,https://scrapingsandbox.com/product/496,4
497,Vintage Cat Toy,HomeNest,Pet Supplies,99.7,,High-quality vintage cat toy from HomeNest. Perfect for everyday use. Features premium materials and thoughtful design. This pet supplies product has been carefully crafted to meet the highest standards of quality and performance.,https://placehold.co/400x400/ef4444/ffffff?text=Cat,"pets, food",SKU-PET-0497,True,4.8,337,2022-08-15T00:00:00.000Z,https://scrapingsandbox.com/product/497,2
498,Compact Clock,HomeNest,Home & Garden,67.89,,High-quality compact clock from HomeNest. Perfect for everyday use. Features premium materials and thoughtful design. This home & garden product has been carefully crafted to meet the highest standards of quality and performance.,https://placehold.co/400x400/84cc16/ffffff?text=Clock,"kitchen, living room",SKU-HOM-0498,True,4.9,103,2022-09-12T00:00:00.000Z,https://scrapingsandbox.com/product/498,4
499,Heavy-Duty Gym Bag,TechVault,Sports,63.7,,High-quality heavy-duty gym bag from TechVault. Perfect for everyday use. Features premium materials and thoughtful design. This sports product has been carefully crafted to meet the highest standards of quality and performance.,https://placehold.co/400x400/3b82f6/ffffff?text=Gym,"fitness, workout, training",SKU-SPO-0499,True,4.8,194,2023-12-24T00:00:00.000Z,https://scrapingsandbox.com/product/499,3
500,Classic Grooming Brush,MindBooks,Pet Supplies,59.07,,High-quality classic grooming brush from MindBooks. Perfect for everyday use. Features premium materials and thoughtful design. This pet supplies product has been carefully crafted to meet the highest standards of quality and performance.,https://placehold.co/400x400/ef4444/ffffff?text=Grooming,"dogs, food",SKU-PET-0500,True,4.6,273,2022-08-13T00:00:00.000Z,https://scrapingsandbox.com/product/500,4
